time,service,memory_mb,cpu_cores,restarts,latency_s,latency_product_s,latency_cart_s,label
2026-10-03T01:58:54,loadgenerator,68.90234375,0.00823040819776565,0.0,0.0445,0.0653,0.0776,healthy_pages
2026-10-03T01:58:54,redis-cart,5.6640625,0.006010633760768746,0.0,0.0445,0.0653,0.0776,healthy_pages
2026-10-03T01:58:54,shippingservice,12.10546875,0.0031434693912472432,0.0,0.0445,0.0653,0.0776,healthy_pages
2026-10-03T01:58:54,emailservice,37.4765625,0.00900861031197125,0.0,0.0445,0.0653,0.0776,healthy_pages
2026-10-03T01:58:54,productcatalogservice,14.6953125,0.025288737083527683,0.0,0.0445,0.0653,0.0776,healthy_pages
2026-10-03T01:58:54,frontend,14.859375,0.045223795562049925,0.0,0.0445,0.0653,0.0776,healthy_pages
2026-10-03T01:58:54,checkoutservice,12.890625,0.0024710320332512045,0.0,0.0445,0.0653,0.0776,healthy_pages
2026-10-03T01:58:54,currencyservice,39.07421875,0.01767014665821267,0.0,0.0445,0.0653,0.0776,healthy_pages
2026-10-03T01:58:54,recommendationservice,32.51171875,0.020257191343014375,4.0,0.0445,0.0653,0.0776,healthy_pages
2026-10-03T01:58:54,adservice,101.109375,0.0059704082297027325,0.0,0.0445,0.0653,0.0776,healthy_pages
2026-10-03T01:58:54,cartservice,63.171875,0.01624342398573333,0.0,0.0445,0.0653,0.0776,healthy_pages
2026-10-03T01:58:54,paymentservice,32.26953125,0.0011616235175363197,0.0,0.0445,0.0653,0.0776,healthy_pages
2026-10-03T01:58:59,loadgenerator,68.90234375,0.00657849999999911,0.0,0.2189,0.1111,0.1095,healthy_pages
2026-10-03T01:58:59,redis-cart,5.90625,0.005880542237685116,0.0,0.2189,0.1111,0.1095,healthy_pages
2026-10-03T01:58:59,shippingservice,12.10546875,0.0028110717105403337,0.0,0.2189,0.1111,0.1095,healthy_pages
2026-10-03T01:58:59,emailservice,37.4765625,0.00988531213689726,0.0,0.2189,0.1111,0.1095,healthy_pages
2026-10-03T01:58:59,productcatalogservice,14.6953125,0.021014167805000622,0.0,0.2189,0.1111,0.1095,healthy_pages
2026-10-03T01:58:59,frontend,14.328125,0.05270112519246749,0.0,0.2189,0.1111,0.1095,healthy_pages
2026-10-03T01:58:59,checkoutservice,12.890625,0.0042126887648125345,0.0,0.2189,0.1111,0.1095,healthy_pages
2026-10-03T01:58:59,currencyservice,39.92578125,0.021533257046044463,0.0,0.2189,0.1111,0.1095,healthy_pages
2026-10-03T01:58:59,recommendationservice,32.23828125,0.023946970059880248,4.0,0.2189,0.1111,0.1095,healthy_pages
2026-10-03T01:58:59,adservice,101.109375,0.004701746234292816,0.0,0.2189,0.1111,0.1095,healthy_pages
2026-10-03T01:58:59,cartservice,63.171875,0.013568086934660868,0.0,0.2189,0.1111,0.1095,healthy_pages
2026-10-03T01:58:59,paymentservice,31.79296875,0.0016091263568342267,0.0,0.2189,0.1111,0.1095,healthy_pages
2026-10-03T01:59:05,loadgenerator,68.8984375,0.01081851773400092,0.0,0.1543,0.0715,0.0882,healthy_pages
2026-10-03T01:59:05,redis-cart,6.40234375,0.005822006472491791,0.0,0.1543,0.0715,0.0882,healthy_pages
2026-10-03T01:59:05,shippingservice,11.85546875,0.0037901841112265777,0.0,0.1543,0.0715,0.0882,healthy_pages
2026-10-03T01:59:05,emailservice,36.98828125,0.009414712560532352,0.0,0.1543,0.0715,0.0882,healthy_pages
2026-10-03T01:59:05,productcatalogservice,14.40234375,0.025345152064274245,0.0,0.1543,0.0715,0.0882,healthy_pages
2026-10-03T01:59:05,frontend,14.328125,0.05270112519246748,0.0,0.1543,0.0715,0.0882,healthy_pages
2026-10-03T01:59:05,checkoutservice,13.3828125,0.003951291259858113,0.0,0.1543,0.0715,0.0882,healthy_pages
2026-10-03T01:59:05,currencyservice,40.28515625,0.02489752339589484,0.0,0.1543,0.0715,0.0882,healthy_pages
2026-10-03T01:59:05,recommendationservice,32.71875,0.019495788313765153,4.0,0.1543,0.0715,0.0882,healthy_pages
2026-10-03T01:59:05,adservice,101.01953125,0.005607318040451739,0.0,0.1543,0.0715,0.0882,healthy_pages
2026-10-03T01:59:05,cartservice,63.35546875,0.015483817190216402,0.0,0.1543,0.0715,0.0882,healthy_pages
2026-10-03T01:59:05,paymentservice,31.86328125,0.0035594610933586475,0.0,0.1543,0.0715,0.0882,healthy_pages
2026-10-03T01:59:10,loadgenerator,68.8984375,0.01081851773400092,0.0,0.159,0.1627,0.0969,healthy_pages
2026-10-03T01:59:10,redis-cart,6.40234375,0.005629326432605877,0.0,0.159,0.1627,0.0969,healthy_pages
2026-10-03T01:59:10,shippingservice,11.85546875,0.0032644961032886493,0.0,0.159,0.1627,0.0969,healthy_pages
2026-10-03T01:59:10,emailservice,36.98828125,0.009234784026079811,0.0,0.159,0.1627,0.0969,healthy_pages
2026-10-03T01:59:10,productcatalogservice,14.40234375,0.025345152064274245,0.0,0.159,0.1627,0.0969,healthy_pages
2026-10-03T01:59:10,frontend,14.328125,0.04404042722715758,0.0,0.159,0.1627,0.0969,healthy_pages
2026-10-03T01:59:10,checkoutservice,13.3828125,0.004186422064145798,0.0,0.159,0.1627,0.0969,healthy_pages
2026-10-03T01:59:10,currencyservice,40.28515625,0.020863294688313345,0.0,0.159,0.1627,0.0969,healthy_pages
2026-10-03T01:59:10,recommendationservice,32.71875,0.023266591944292172,4.0,0.159,0.1627,0.0969,healthy_pages
2026-10-03T01:59:10,adservice,101.01953125,0.0052512161957999496,0.0,0.159,0.1627,0.0969,healthy_pages
2026-10-03T01:59:10,cartservice,63.35546875,0.01318967462046931,0.0,0.159,0.1627,0.0969,healthy_pages
2026-10-03T01:59:10,paymentservice,31.86328125,0.0035594610933586475,0.0,0.159,0.1627,0.0969,healthy_pages
2026-10-03T01:59:16,loadgenerator,68.6796875,0.011752047044811961,0.0,0.23,0.2948,0.1022,healthy_pages
2026-10-03T01:59:16,redis-cart,6.40234375,0.005629326432605877,0.0,0.23,0.2948,0.1022,healthy_pages
2026-10-03T01:59:16,shippingservice,12.59765625,0.0031807549320232815,0.0,0.23,0.2948,0.1022,healthy_pages
2026-10-03T01:59:16,emailservice,36.7421875,0.008965143003064332,0.0,0.23,0.2948,0.1022,healthy_pages
2026-10-03T01:59:16,productcatalogservice,14.40234375,0.019003898935831612,0.0,0.23,0.2948,0.1022,healthy_pages
2026-10-03T01:59:16,frontend,14.37109375,0.0589822576804007,0.0,0.23,0.2948,0.1022,healthy_pages
2026-10-03T01:59:16,checkoutservice,13.3828125,0.004186422064145797,0.0,0.23,0.2948,0.1022,healthy_pages
2026-10-03T01:59:16,currencyservice,38.9453125,0.0234833792233826,0.0,0.23,0.2948,0.1022,healthy_pages
2026-10-03T01:59:16,recommendationservice,32.71875,0.023266591944292172,4.0,0.23,0.2948,0.1022,healthy_pages
2026-10-03T01:59:16,adservice,100.7421875,0.0054024065054985556,0.0,0.23,0.2948,0.1022,healthy_pages
2026-10-03T01:59:16,cartservice,62.87109375,0.014824208952344235,0.0,0.23,0.2948,0.1022,healthy_pages
2026-10-03T01:59:16,paymentservice,31.86328125,0.0035594610933586475,0.0,0.23,0.2948,0.1022,healthy_pages
2026-10-03T01:59:21,loadgenerator,68.6796875,0.009914222754454118,0.0,0.0697,0.0489,0.0785,healthy_pages
2026-10-03T01:59:21,redis-cart,6.40234375,0.004567838748648696,0.0,0.0697,0.0489,0.0785,healthy_pages
2026-10-03T01:59:21,shippingservice,12.59765625,0.0026972713469253754,0.0,0.0697,0.0489,0.0785,healthy_pages
2026-10-03T01:59:21,emailservice,36.7421875,0.008965143003064332,0.0,0.0697,0.0489,0.0785,healthy_pages
2026-10-03T01:59:21,productcatalogservice,14.40234375,0.016979574103128222,0.0,0.0697,0.0489,0.0785,healthy_pages
2026-10-03T01:59:21,frontend,14.37109375,0.0589822576804007,0.0,0.0697,0.0489,0.0785,healthy_pages
2026-10-03T01:59:21,checkoutservice,13.3828125,0.003305145332792572,0.0,0.0697,0.0489,0.0785,healthy_pages
2026-10-03T01:59:21,currencyservice,38.9453125,0.027575328122336287,0.0,0.0697,0.0489,0.0785,healthy_pages
2026-10-03T01:59:21,recommendationservice,32.71875,0.019032395357541334,4.0,0.0697,0.0489,0.0785,healthy_pages
2026-10-03T01:59:21,adservice,100.7421875,0.0054024065054985556,0.0,0.0697,0.0489,0.0785,healthy_pages
2026-10-03T01:59:21,cartservice,62.87109375,0.014824208952344235,0.0,0.0697,0.0489,0.0785,healthy_pages
2026-10-03T01:59:21,paymentservice,31.86328125,0.0035910921986685687,0.0,0.0697,0.0489,0.0785,healthy_pages
2026-10-03T01:59:27,loadgenerator,69.625,0.011400820485078003,0.0,0.2369,0.0843,0.0944,healthy_pages
2026-10-03T01:59:27,redis-cart,6.39453125,0.005896958077709928,0.0,0.2369,0.0843,0.0944,healthy_pages
2026-10-03T01:59:27,shippingservice,12.8671875,0.0032881359532659347,0.0,0.2369,0.0843,0.0944,healthy_pages
2026-10-03T01:59:27,emailservice,37.25,0.007231250518887108,0.0,0.2369,0.0843,0.0944,healthy_pages
2026-10-03T01:59:27,productcatalogservice,14.70703125,0.02565818888355227,0.0,0.2369,0.0843,0.0944,healthy_pages
2026-10-03T01:59:27,frontend,14.6875,0.061803122020972094,0.0,0.2369,0.0843,0.0944,healthy_pages
2026-10-03T01:59:27,checkoutservice,12.890625,0.00310456665581947,0.0,0.2369,0.0843,0.0944,healthy_pages
2026-10-03T01:59:27,currencyservice,38.9453125,0.027575328122336287,0.0,0.2369,0.0843,0.0944,healthy_pages
2026-10-03T01:59:27,recommendationservice,32.73046875,0.02438524073165598,4.0,0.2369,0.0843,0.0944,healthy_pages
2026-10-03T01:59:27,adservice,100.7421875,0.004332639419977674,0.0,0.2369,0.0843,0.0944,healthy_pages
2026-10-03T01:59:27,cartservice,62.87109375,0.012138968214059877,0.0,0.2369,0.0843,0.0944,healthy_pages
2026-10-03T01:59:27,paymentservice,31.8671875,0.003398592223911337,0.0,0.2369,0.0843,0.0944,healthy_pages
2026-10-03T01:59:32,loadgenerator,69.625,0.011400820485078003,0.0,0.1092,0.0514,0.0564,healthy_pages
2026-10-03T01:59:32,redis-cart,6.39453125,0.005896958077709928,0.0,0.1092,0.0514,0.0564,healthy_pages
2026-10-03T01:59:32,shippingservice,12.8671875,0.0028555709363887716,0.0,0.1092,0.0514,0.0564,healthy_pages
2026-10-03T01:59:32,emailservice,37.25,0.008703611457035637,0.0,0.1092,0.0514,0.0564,healthy_pages
2026-10-03T01:59:32,productcatalogservice,14.70703125,0.026249425009079123,0.0,0.1092,0.0514,0.0564,healthy_pages
2026-10-03T01:59:32,frontend,14.6875,0.061803122020972094,0.0,0.1092,0.0514,0.0564,healthy_pages
2026-10-03T01:59:32,checkoutservice,12.890625,0.00310456665581947,0.0,0.1092,0.0514,0.0564,healthy_pages
2026-10-03T01:59:32,currencyservice,38.9453125,0.020517586028336376,0.0,0.1092,0.0514,0.0564,healthy_pages
2026-10-03T01:59:32,recommendationservice,32.73046875,0.02438524073165598,4.0,0.1092,0.0514,0.0564,healthy_pages
2026-10-03T01:59:32,adservice,100.7421875,0.0038629463721033415,0.0,0.1092,0.0514,0.0564,healthy_pages
2026-10-03T01:59:32,cartservice,62.87109375,0.011134567848044528,0.0,0.1092,0.0514,0.0564,healthy_pages
2026-10-03T01:59:32,paymentservice,31.8671875,0.0038398385148184205,0.0,0.1092,0.0514,0.0564,healthy_pages
2026-10-03T01:59:38,loadgenerator,69.1328125,0.009355917947052107,0.0,0.1037,0.0456,0.0596,healthy_pages
2026-10-03T01:59:38,redis-cart,6.6484375,0.005975649698789415,0.0,0.1037,0.0456,0.0596,healthy_pages
2026-10-03T01:59:38,shippingservice,12.35546875,0.0031655939262301325,0.0,0.1037,0.0456,0.0596,healthy_pages
2026-10-03T01:59:38,emailservice,37.25,0.007394298173515576,0.0,0.1037,0.0456,0.0596,healthy_pages
2026-10-03T01:59:38,productcatalogservice,14.71484375,0.028142763416874432,0.0,0.1037,0.0456,0.0596,healthy_pages
2026-10-03T01:59:38,frontend,14.6875,0.061803122020972094,0.0,0.1037,0.0456,0.0596,healthy_pages
2026-10-03T01:59:38,checkoutservice,12.890625,0.0016127431372300897,0.0,0.1037,0.0456,0.0596,healthy_pages
2026-10-03T01:59:38,currencyservice,39.19140625,0.02659800469483555,0.0,0.1037,0.0456,0.0596,healthy_pages
2026-10-03T01:59:38,recommendationservice,32.73046875,0.020485878056221825,4.0,0.1037,0.0456,0.0596,healthy_pages
2026-10-03T01:59:38,adservice,101.00390625,0.006026974703149122,0.0,0.1037,0.0456,0.0596,healthy_pages
2026-10-03T01:59:38,cartservice,63.59765625,0.015751537809463863,0.0,0.1037,0.0456,0.0596,healthy_pages
2026-10-03T01:59:38,paymentservice,31.87890625,0.0035593429841450776,0.0,0.1037,0.0456,0.0596,healthy_pages
2026-10-03T01:59:43,loadgenerator,69.1328125,0.01162281980819901,0.0,0.2536,0.2853,0.2208,healthy_pages
2026-10-03T01:59:43,redis-cart,6.6484375,0.00612093780196313,0.0,0.2536,0.2853,0.2208,healthy_pages
2026-10-03T01:59:43,shippingservice,12.35546875,0.0033272100706312866,0.0,0.2536,0.2853,0.2208,healthy_pages
2026-10-03T01:59:43,emailservice,37.25,0.006544390514736045,0.0,0.2536,0.2853,0.2208,healthy_pages
2026-10-03T01:59:43,productcatalogservice,14.71484375,0.03147701285121604,0.0,0.2536,0.2853,0.2208,healthy_pages
2026-10-03T01:59:43,frontend,14.6875,0.05232704448422319,0.0,0.2536,0.2853,0.2208,healthy_pages
2026-10-03T01:59:43,checkoutservice,12.890625,0.0014184629030214266,0.0,0.2536,0.2853,0.2208,healthy_pages
2026-10-03T01:59:43,currencyservice,39.19140625,0.02153064150039113,0.0,0.2536,0.2853,0.2208,healthy_pages
2026-10-03T01:59:43,recommendationservice,32.73046875,0.018002188954467,4.0,0.2536,0.2853,0.2208,healthy_pages
2026-10-03T01:59:43,adservice,101.00390625,0.0054861877410657105,0.0,0.2536,0.2853,0.2208,healthy_pages
2026-10-03T01:59:43,cartservice,63.59765625,0.01721967106814453,0.0,0.2536,0.2853,0.2208,healthy_pages
2026-10-03T01:59:43,paymentservice,31.87890625,0.0035593429841450776,0.0,0.2536,0.2853,0.2208,healthy_pages
2026-10-03T01:59:49,loadgenerator,68.88671875,0.011291134788456343,0.0,0.1493,0.0358,0.0726,healthy_pages
2026-10-03T01:59:49,redis-cart,6.6484375,0.005092960303333433,0.0,0.1493,0.0358,0.0726,healthy_pages
2026-10-03T01:59:49,shippingservice,12.35546875,0.002648847390730744,0.0,0.1493,0.0358,0.0726,healthy_pages
2026-10-03T01:59:49,emailservice,37.47265625,0.009031535590166095,0.0,0.1493,0.0358,0.0726,healthy_pages
2026-10-03T01:59:49,productcatalogservice,14.71484375,0.024636926804426577,0.0,0.1493,0.0358,0.0726,healthy_pages
2026-10-03T01:59:49,frontend,15.875,0.06550878573859978,0.0,0.1493,0.0358,0.0726,healthy_pages
2026-10-03T01:59:49,checkoutservice,13.13671875,0.0017428017535744407,0.0,0.1493,0.0358,0.0726,healthy_pages
2026-10-03T01:59:49,currencyservice,39.1875,0.02990335861321733,0.0,0.1493,0.0358,0.0726,healthy_pages
2026-10-03T01:59:49,recommendationservice,32.7265625,0.028640274786051516,4.0,0.1493,0.0358,0.0726,healthy_pages
2026-10-03T01:59:49,adservice,100.51171875,0.006825662482566341,0.0,0.1493,0.0358,0.0726,healthy_pages
2026-10-03T01:59:49,cartservice,63.59375,0.016551387584881803,0.0,0.1493,0.0358,0.0726,healthy_pages
2026-10-03T01:59:49,paymentservice,31.90625,0.0030182429545412277,0.0,0.1493,0.0358,0.0726,healthy_pages
2026-10-03T01:59:54,loadgenerator,68.88671875,0.011291134788456343,0.0,0.1422,0.0592,0.1948,healthy_pages
2026-10-03T01:59:54,redis-cart,6.16015625,0.006066389752633839,0.0,0.1422,0.0592,0.1948,healthy_pages
2026-10-03T01:59:54,shippingservice,12.3671875,0.0031859479338043574,0.0,0.1422,0.0592,0.1948,healthy_pages
2026-10-03T01:59:54,emailservice,37.47265625,0.009031535590166095,0.0,0.1422,0.0592,0.1948,healthy_pages
2026-10-03T01:59:54,productcatalogservice,14.44921875,0.030018575312670305,0.0,0.1422,0.0592,0.1948,healthy_pages
2026-10-03T01:59:54,frontend,14.44140625,0.062424728990017976,0.0,0.1422,0.0592,0.1948,healthy_pages
2026-10-03T01:59:54,checkoutservice,12.89453125,0.001776070143348537,0.0,0.1422,0.0592,0.1948,healthy_pages
2026-10-03T01:59:54,currencyservice,39.1875,0.02990335861321733,0.0,0.1422,0.0592,0.1948,healthy_pages
2026-10-03T01:59:54,recommendationservice,32.7265625,0.028640274786051516,4.0,0.1422,0.0592,0.1948,healthy_pages
2026-10-03T01:59:54,adservice,100.51171875,0.006825662482566341,0.0,0.1422,0.0592,0.1948,healthy_pages
2026-10-03T01:59:54,cartservice,63.37890625,0.01698279340215986,0.0,0.1422,0.0592,0.1948,healthy_pages
2026-10-03T01:59:54,paymentservice,31.90625,0.0012650283275697216,0.0,0.1422,0.0592,0.1948,healthy_pages
2026-10-03T02:00:00,loadgenerator,68.88671875,0.009000264700551678,0.0,0.1202,0.0346,0.0569,healthy_pages
2026-10-03T02:00:00,redis-cart,6.16015625,0.006066389752633839,0.0,0.1202,0.0346,0.0569,healthy_pages
2026-10-03T02:00:00,shippingservice,12.3671875,0.0029594199366317843,0.0,0.1202,0.0346,0.0569,healthy_pages
2026-10-03T02:00:00,emailservice,37.47265625,0.007795762737647335,0.0,0.1202,0.0346,0.0569,healthy_pages
2026-10-03T02:00:00,productcatalogservice,14.44921875,0.02547334629581768,0.0,0.1202,0.0346,0.0569,healthy_pages
2026-10-03T02:00:00,frontend,14.44140625,0.062424728990017976,0.0,0.1202,0.0346,0.0569,healthy_pages
2026-10-03T02:00:00,checkoutservice,12.89453125,0.001776070143348537,0.0,0.1202,0.0346,0.0569,healthy_pages
2026-10-03T02:00:00,currencyservice,39.1875,0.025489962295663735,0.0,0.1202,0.0346,0.0569,healthy_pages
2026-10-03T02:00:00,recommendationservice,32.7265625,0.022406957647823956,4.0,0.1202,0.0346,0.0569,healthy_pages
2026-10-03T02:00:00,adservice,100.51171875,0.007189173440549943,0.0,0.1202,0.0346,0.0569,healthy_pages
2026-10-03T02:00:00,cartservice,63.37890625,0.01652154317649175,0.0,0.1202,0.0346,0.0569,healthy_pages
2026-10-03T02:00:00,paymentservice,31.90625,0.0010695076576410915,0.0,0.1202,0.0346,0.0569,healthy_pages
2026-10-03T02:00:05,loadgenerator,68.66796875,0.01058664485534726,0.0,0.1244,0.1,0.0564,healthy_pages
2026-10-03T02:00:05,redis-cart,6.15234375,0.006035823134993217,0.0,0.1244,0.1,0.0564,healthy_pages
2026-10-03T02:00:05,shippingservice,12.3671875,0.0024244719006418494,0.0,0.1244,0.1,0.0564,healthy_pages
2026-10-03T02:00:05,emailservice,37.47265625,0.00996296061528018,0.0,0.1244,0.1,0.0564,healthy_pages
2026-10-03T02:00:05,productcatalogservice,13.45703125,0.0302280645637527,0.0,0.1244,0.1,0.0564,healthy_pages
2026-10-03T02:00:05,frontend,14.44140625,0.062424728990017976,0.0,0.1244,0.1,0.0564,healthy_pages
2026-10-03T02:00:05,checkoutservice,12.89453125,0.00209643026847233,0.0,0.1244,0.1,0.0564,healthy_pages
2026-10-03T02:00:05,currencyservice,39.47265625,0.03265784234362363,0.0,0.1244,0.1,0.0564,healthy_pages
2026-10-03T02:00:05,recommendationservice,32.5078125,0.02775269856613445,4.0,0.1244,0.1,0.0564,healthy_pages
2026-10-03T02:00:05,adservice,100.50390625,0.0068349789029535195,0.0,0.1244,0.1,0.0564,healthy_pages
2026-10-03T02:00:05,cartservice,63.37890625,0.01652154317649175,0.0,0.1244,0.1,0.0564,healthy_pages
2026-10-03T02:00:05,paymentservice,31.9296875,0.0012602732931577848,0.0,0.1244,0.1,0.0564,healthy_pages
2026-10-03T02:00:10,loadgenerator,68.66796875,0.01035283086724309,0.0,0.1327,0.0438,0.0887,healthy_pages
2026-10-03T02:00:10,redis-cart,6.15234375,0.006035823134993216,0.0,0.1327,0.0438,0.0887,healthy_pages
2026-10-03T02:00:10,shippingservice,12.3671875,0.0020262751980133307,0.0,0.1327,0.0438,0.0887,healthy_pages
2026-10-03T02:00:10,emailservice,37.47265625,0.00996296061528018,0.0,0.1327,0.0438,0.0887,healthy_pages
2026-10-03T02:00:10,productcatalogservice,13.45703125,0.030228064563752703,0.0,0.1327,0.0438,0.0887,healthy_pages
2026-10-03T02:00:10,frontend,14.44140625,0.061906689635373255,0.0,0.1327,0.0438,0.0887,healthy_pages
2026-10-03T02:00:10,checkoutservice,12.89453125,0.0020964302684723297,0.0,0.1327,0.0438,0.0887,healthy_pages
2026-10-03T02:00:10,currencyservice,39.47265625,0.03265784234362363,0.0,0.1327,0.0438,0.0887,healthy_pages
2026-10-03T02:00:10,recommendationservice,32.5078125,0.02775269856613445,4.0,0.1327,0.0438,0.0887,healthy_pages
2026-10-03T02:00:10,adservice,100.50390625,0.00659516208655596,0.0,0.1327,0.0438,0.0887,healthy_pages
2026-10-03T02:00:10,cartservice,63.37890625,0.01043922500000001,0.0,0.1327,0.0438,0.0887,healthy_pages
2026-10-03T02:00:10,paymentservice,31.9296875,0.0012602732931577848,0.0,0.1327,0.0438,0.0887,healthy_pages
2026-10-03T02:00:16,loadgenerator,68.66796875,0.008655139152196342,0.0,0.29,0.2071,0.2004,healthy_pages
2026-10-03T02:00:16,redis-cart,6.15234375,0.006035823134993216,0.0,0.29,0.2071,0.2004,healthy_pages
2026-10-03T02:00:16,shippingservice,12.09765625,0.0028913021976934876,0.0,0.29,0.2071,0.2004,healthy_pages
2026-10-03T02:00:16,emailservice,36.7421875,0.009739311719480604,0.0,0.29,0.2071,0.2004,healthy_pages
2026-10-03T02:00:16,productcatalogservice,15.1875,0.02817847638807535,0.0,0.29,0.2071,0.2004,healthy_pages
2026-10-03T02:00:16,frontend,14.19921875,0.06207389029839105,0.0,0.29,0.2071,0.2004,healthy_pages
2026-10-03T02:00:16,checkoutservice,12.89453125,0.0023237492687365603,0.0,0.29,0.2071,0.2004,healthy_pages
2026-10-03T02:00:16,currencyservice,39.47265625,0.034093866475832624,0.0,0.29,0.2071,0.2004,healthy_pages
2026-10-03T02:00:16,recommendationservice,33.21875,0.02695112781954902,4.0,0.29,0.2071,0.2004,healthy_pages
2026-10-03T02:00:16,adservice,100.32421875,0.006384967334638483,0.0,0.29,0.2071,0.2004,healthy_pages
2026-10-03T02:00:16,cartservice,63.3828125,0.017573443803644423,0.0,0.29,0.2071,0.2004,healthy_pages
2026-10-03T02:00:16,paymentservice,31.9609375,0.0013054635438993203,0.0,0.29,0.2071,0.2004,healthy_pages
2026-10-03T02:00:21,loadgenerator,68.66796875,0.0078060850968200085,0.0,0.2837,0.0316,0.0324,healthy_pages
2026-10-03T02:00:21,redis-cart,6.15234375,0.0048387181522917926,0.0,0.2837,0.0316,0.0324,healthy_pages
2026-10-03T02:00:21,shippingservice,12.09765625,0.0030328099173552903,0.0,0.2837,0.0316,0.0324,healthy_pages
2026-10-03T02:00:21,emailservice,36.7421875,0.009739311719480606,0.0,0.2837,0.0316,0.0324,healthy_pages
2026-10-03T02:00:21,productcatalogservice,15.1875,0.02817847638807535,0.0,0.2837,0.0316,0.0324,healthy_pages
2026-10-03T02:00:21,frontend,14.19921875,0.06207389029839105,0.0,0.2837,0.0316,0.0324,healthy_pages
2026-10-03T02:00:21,checkoutservice,12.89453125,0.0028668489900818893,0.0,0.2837,0.0316,0.0324,healthy_pages
2026-10-03T02:00:21,currencyservice,39.47265625,0.025889887797308418,0.0,0.2837,0.0316,0.0324,healthy_pages
2026-10-03T02:00:21,recommendationservice,33.21875,0.017852425000000238,4.0,0.2837,0.0316,0.0324,healthy_pages
2026-10-03T02:00:21,adservice,100.32421875,0.006384967334638483,0.0,0.2837,0.0316,0.0324,healthy_pages
2026-10-03T02:00:21,cartservice,63.3828125,0.014669578660457209,0.0,0.2837,0.0316,0.0324,healthy_pages
2026-10-03T02:00:21,paymentservice,31.9609375,0.0013032254644721963,0.0,0.2837,0.0316,0.0324,healthy_pages
2026-10-03T02:00:27,loadgenerator,69.3984375,0.010722867643953204,0.0,0.1259,0.0543,0.0912,healthy_pages
2026-10-03T02:00:27,redis-cart,6.15234375,0.006453789355788639,0.0,0.1259,0.0543,0.0912,healthy_pages
2026-10-03T02:00:27,shippingservice,11.85546875,0.003078097924642348,0.0,0.1259,0.0543,0.0912,healthy_pages
2026-10-03T02:00:27,emailservice,36.7421875,0.01024468267287648,0.0,0.1259,0.0543,0.0912,healthy_pages
2026-10-03T02:00:27,productcatalogservice,15.1875,0.02817847638807535,0.0,0.1259,0.0543,0.0912,healthy_pages
2026-10-03T02:00:27,frontend,14.8828125,0.05394438907143099,0.0,0.1259,0.0543,0.0912,healthy_pages
2026-10-03T02:00:27,checkoutservice,13.140625,0.0030197578859308015,0.0,0.1259,0.0543,0.0912,healthy_pages
2026-10-03T02:00:27,currencyservice,39.4453125,0.03156953624070181,0.0,0.1259,0.0543,0.0912,healthy_pages
2026-10-03T02:00:27,recommendationservice,32.23828125,0.026020787892277044,4.0,0.1259,0.0543,0.0912,healthy_pages
2026-10-03T02:00:27,adservice,100.32421875,0.004177424999999957,0.0,0.1259,0.0543,0.0912,healthy_pages
2026-10-03T02:00:27,cartservice,63.37109375,0.017118610458284198,0.0,0.1259,0.0543,0.0912,healthy_pages
2026-10-03T02:00:27,paymentservice,31.9609375,0.0010617486461177023,0.0,0.1259,0.0543,0.0912,healthy_pages
2026-10-03T02:00:32,loadgenerator,69.3984375,0.010856326977991531,0.0,0.0945,0.0461,0.0659,healthy_pages
2026-10-03T02:00:32,redis-cart,6.15234375,0.0068410402059110855,0.0,0.0945,0.0461,0.0659,healthy_pages
2026-10-03T02:00:32,shippingservice,11.85546875,0.003174078664933438,0.0,0.0945,0.0461,0.0659,healthy_pages
2026-10-03T02:00:32,emailservice,36.7421875,0.00792208505240197,0.0,0.0945,0.0461,0.0659,healthy_pages
2026-10-03T02:00:32,productcatalogservice,15.1875,0.022680556273946977,0.0,0.0945,0.0461,0.0659,healthy_pages
2026-10-03T02:00:32,frontend,14.8828125,0.05294123990914724,0.0,0.0945,0.0461,0.0659,healthy_pages
2026-10-03T02:00:32,checkoutservice,13.140625,0.002508445770111918,0.0,0.0945,0.0461,0.0659,healthy_pages
2026-10-03T02:00:32,currencyservice,39.4453125,0.03156953624070181,0.0,0.0945,0.0461,0.0659,healthy_pages
2026-10-03T02:00:32,recommendationservice,32.23828125,0.026020787892277044,4.0,0.0945,0.0461,0.0659,healthy_pages
2026-10-03T02:00:32,adservice,100.32421875,0.004539157885038847,0.0,0.0945,0.0461,0.0659,healthy_pages
2026-10-03T02:00:32,cartservice,63.37109375,0.01780902965275976,0.0,0.0945,0.0461,0.0659,healthy_pages
2026-10-03T02:00:32,paymentservice,31.9609375,0.0010241007031881698,0.0,0.0945,0.0461,0.0659,healthy_pages
2026-10-03T02:00:37,loadgenerator,69.3984375,0.008939325807156935,0.0,0.1343,0.0335,0.0535,healthy_pages
2026-10-03T02:00:37,redis-cart,6.15234375,0.0068410402059110855,0.0,0.1343,0.0335,0.0535,healthy_pages
2026-10-03T02:00:37,shippingservice,11.85546875,0.003174078664933438,0.0,0.1343,0.0335,0.0535,healthy_pages
2026-10-03T02:00:37,emailservice,36.74609375,0.009809890478788014,0.0,0.1343,0.0335,0.0535,healthy_pages
2026-10-03T02:00:37,productcatalogservice,14.75390625,0.03082746399892444,0.0,0.1343,0.0335,0.0535,healthy_pages
2026-10-03T02:00:37,frontend,14.8828125,0.04749439717568039,0.0,0.1343,0.0335,0.0535,healthy_pages
2026-10-03T02:00:37,checkoutservice,12.89453125,0.0021921118558470734,0.0,0.1343,0.0335,0.0535,healthy_pages
2026-10-03T02:00:37,currencyservice,39.5546875,0.031114717316879932,0.0,0.1343,0.0335,0.0535,healthy_pages
2026-10-03T02:00:37,recommendationservice,32.48828125,0.026667292258744712,4.0,0.1343,0.0335,0.0535,healthy_pages
2026-10-03T02:00:37,adservice,100.75390625,0.006319016618481947,0.0,0.1343,0.0335,0.0535,healthy_pages
2026-10-03T02:00:37,cartservice,63.37109375,0.017809029652759756,0.0,0.1343,0.0335,0.0535,healthy_pages
2026-10-03T02:00:37,paymentservice,31.8671875,0.0018291022854822797,0.0,0.1343,0.0335,0.0535,healthy_pages
2026-10-03T02:00:43,loadgenerator,69.3984375,0.0079589994810443,0.0,0.1772,0.0673,0.1075,healthy_pages
2026-10-03T02:00:43,redis-cart,6.15234375,0.005236274695275303,0.0,0.1772,0.0673,0.1075,healthy_pages
2026-10-03T02:00:43,shippingservice,11.85546875,0.002417920549651899,0.0,0.1772,0.0673,0.1075,healthy_pages
2026-10-03T02:00:43,emailservice,36.74609375,0.009108909274918068,0.0,0.1772,0.0673,0.1075,healthy_pages
2026-10-03T02:00:43,productcatalogservice,14.75390625,0.03082746399892444,0.0,0.1772,0.0673,0.1075,healthy_pages
2026-10-03T02:00:43,frontend,14.8828125,0.041734805370896494,0.0,0.1772,0.0673,0.1075,healthy_pages
2026-10-03T02:00:43,checkoutservice,12.89453125,0.002109474051114578,0.0,0.1772,0.0673,0.1075,healthy_pages
2026-10-03T02:00:43,currencyservice,39.5546875,0.02975165117599591,0.0,0.1772,0.0673,0.1075,healthy_pages
2026-10-03T02:00:43,recommendationservice,32.48828125,0.02657347160442765,4.0,0.1772,0.0673,0.1075,healthy_pages
2026-10-03T02:00:43,adservice,100.75390625,0.006473572938689003,0.0,0.1772,0.0673,0.1075,healthy_pages
2026-10-03T02:00:43,cartservice,63.37109375,0.013846477792656946,0.0,0.1772,0.0673,0.1075,healthy_pages
2026-10-03T02:00:43,paymentservice,31.8671875,0.0015080287834642748,0.0,0.1772,0.0673,0.1075,healthy_pages
2026-10-03T02:00:48,loadgenerator,69.1640625,0.010455543947064763,0.0,0.1125,0.0518,0.047,healthy_pages
2026-10-03T02:00:48,redis-cart,6.3984375,0.006679377320765562,0.0,0.1125,0.0518,0.047,healthy_pages
2026-10-03T02:00:48,shippingservice,12.3515625,0.0023441141593657845,0.0,0.1125,0.0518,0.047,healthy_pages
2026-10-03T02:00:48,emailservice,36.74609375,0.007470482172880825,0.0,0.1125,0.0518,0.047,healthy_pages
2026-10-03T02:00:48,productcatalogservice,13.97265625,0.029460889049839706,0.0,0.1125,0.0518,0.047,healthy_pages
2026-10-03T02:00:48,frontend,13.5625,0.06308522964381161,0.0,0.1125,0.0518,0.047,healthy_pages
2026-10-03T02:00:48,checkoutservice,12.89453125,0.0018797608875660951,0.0,0.1125,0.0518,0.047,healthy_pages
2026-10-03T02:00:48,currencyservice,39.5546875,0.02975165117599591,0.0,0.1125,0.0518,0.047,healthy_pages
2026-10-03T02:00:48,recommendationservice,32.48828125,0.023087327390722348,4.0,0.1125,0.0518,0.047,healthy_pages
2026-10-03T02:00:48,adservice,100.4140625,0.006582199019276117,0.0,0.1125,0.0518,0.047,healthy_pages
2026-10-03T02:00:48,cartservice,63.84765625,0.016439247998143287,0.0,0.1125,0.0518,0.047,healthy_pages
2026-10-03T02:00:48,paymentservice,32.60546875,0.0017943563973714432,0.0,0.1125,0.0518,0.047,healthy_pages
2026-10-03T02:00:53,loadgenerator,69.1640625,0.010455543947064763,0.0,0.1357,0.0545,0.0216,healthy_pages
2026-10-03T02:00:53,redis-cart,6.3984375,0.006679377320765562,0.0,0.1357,0.0545,0.0216,healthy_pages
2026-10-03T02:00:53,shippingservice,12.3515625,0.002859605757196386,0.0,0.1357,0.0545,0.0216,healthy_pages
2026-10-03T02:00:53,emailservice,36.74609375,0.00666996086277011,0.0,0.1357,0.0545,0.0216,healthy_pages
2026-10-03T02:00:53,productcatalogservice,13.97265625,0.029460889049839706,0.0,0.1357,0.0545,0.0216,healthy_pages
2026-10-03T02:00:53,frontend,13.5625,0.05052233187049357,0.0,0.1357,0.0545,0.0216,healthy_pages
2026-10-03T02:00:53,checkoutservice,12.89453125,0.0015111559243059798,0.0,0.1357,0.0545,0.0216,healthy_pages
2026-10-03T02:00:53,currencyservice,39.5546875,0.023340790173634954,0.0,0.1357,0.0545,0.0216,healthy_pages
2026-10-03T02:00:53,recommendationservice,32.48828125,0.020751962127886568,4.0,0.1357,0.0545,0.0216,healthy_pages
2026-10-03T02:00:53,adservice,100.4140625,0.006582199019276116,0.0,0.1357,0.0545,0.0216,healthy_pages
2026-10-03T02:00:53,cartservice,63.84765625,0.013806456766662869,0.0,0.1357,0.0545,0.0216,healthy_pages
2026-10-03T02:00:53,paymentservice,32.60546875,0.0017943563973714435,0.0,0.1357,0.0545,0.0216,healthy_pages
2026-10-03T02:00:59,loadgenerator,69.3671875,0.01043312919218335,0.0,0.0649,0.0816,0.114,healthy_pages
2026-10-03T02:00:59,redis-cart,6.40625,0.006502713485917503,0.0,0.0649,0.0816,0.114,healthy_pages
2026-10-03T02:00:59,shippingservice,12.3515625,0.002294928940342007,0.0,0.0649,0.0816,0.114,healthy_pages
2026-10-03T02:00:59,emailservice,36.75390625,0.009383110583111172,0.0,0.0649,0.0816,0.114,healthy_pages
2026-10-03T02:00:59,productcatalogservice,13.97265625,0.025107782428058376,0.0,0.0649,0.0816,0.114,healthy_pages
2026-10-03T02:00:59,frontend,13.5625,0.04522879358428528,0.0,0.0649,0.0816,0.114,healthy_pages
2026-10-03T02:00:59,checkoutservice,13.37890625,0.001725490196078408,0.0,0.0649,0.0816,0.114,healthy_pages
2026-10-03T02:00:59,currencyservice,39.125,0.03041428861729564,0.0,0.0649,0.0816,0.114,healthy_pages
2026-10-03T02:00:59,recommendationservice,32.75390625,0.026915477412730548,4.0,0.0649,0.0816,0.114,healthy_pages
2026-10-03T02:00:59,adservice,100.4140625,0.006872564834346521,0.0,0.0649,0.0816,0.114,healthy_pages
2026-10-03T02:00:59,cartservice,63.3359375,0.015409768554732264,0.0,0.0649,0.0816,0.114,healthy_pages
2026-10-03T02:00:59,paymentservice,32.60546875,0.0015505093090239872,0.0,0.0649,0.0816,0.114,healthy_pages
2026-10-03T02:01:04,loadgenerator,69.3671875,0.009898100748189007,0.0,0.1021,0.0883,0.0479,healthy_pages
2026-10-03T02:01:04,redis-cart,6.40625,0.005105760576923142,0.0,0.1021,0.0883,0.0479,healthy_pages
2026-10-03T02:01:04,shippingservice,12.3515625,0.0020415202101584534,0.0,0.1021,0.0883,0.0479,healthy_pages
2026-10-03T02:01:04,emailservice,36.75390625,0.009476616500170431,0.0,0.1021,0.0883,0.0479,healthy_pages
2026-10-03T02:01:04,productcatalogservice,13.97265625,0.022362546474820878,0.0,0.1021,0.0883,0.0479,healthy_pages
2026-10-03T02:01:04,frontend,13.5625,0.03961233069870425,0.0,0.1021,0.0883,0.0479,healthy_pages
2026-10-03T02:01:04,checkoutservice,13.37890625,0.0013742235294117462,0.0,0.1021,0.0883,0.0479,healthy_pages
2026-10-03T02:01:04,currencyservice,39.125,0.03041428861729564,0.0,0.1021,0.0883,0.0479,healthy_pages
2026-10-03T02:01:04,recommendationservice,32.75390625,0.021048052867185356,4.0,0.1021,0.0883,0.0479,healthy_pages
2026-10-03T02:01:04,adservice,100.4140625,0.005407448554411082,0.0,0.1021,0.0883,0.0479,healthy_pages
2026-10-03T02:01:04,cartservice,63.3359375,0.015409768554732263,0.0,0.1021,0.0883,0.0479,healthy_pages
2026-10-03T02:01:04,paymentservice,32.60546875,0.0013811337691518697,0.0,0.1021,0.0883,0.0479,healthy_pages
2026-10-03T02:01:09,loadgenerator,69.3671875,0.00820622663571835,0.0,0.1461,0.2253,0.1281,healthy_pages
2026-10-03T02:01:09,redis-cart,6.40625,0.004682221416083975,0.0,0.1461,0.2253,0.1281,healthy_pages
2026-10-03T02:01:09,shippingservice,11.85546875,0.0030473582045893255,0.0,0.1461,0.2253,0.1281,healthy_pages
2026-10-03T02:01:09,emailservice,36.75390625,0.009476616500170431,0.0,0.1461,0.2253,0.1281,healthy_pages
2026-10-03T02:01:09,productcatalogservice,15.19140625,0.025939984228061447,0.0,0.1461,0.2253,0.1281,healthy_pages
2026-10-03T02:01:09,frontend,14.3515625,0.06255326535040154,0.0,0.1461,0.2253,0.1281,healthy_pages
2026-10-03T02:01:09,checkoutservice,12.89453125,0.002170067358277162,0.0,0.1461,0.2253,0.1281,healthy_pages
2026-10-03T02:01:09,currencyservice,39.7265625,0.030167699172551053,0.0,0.1461,0.2253,0.1281,healthy_pages
2026-10-03T02:01:09,recommendationservice,32.484375,0.026978790455705025,4.0,0.1461,0.2253,0.1281,healthy_pages
2026-10-03T02:01:09,adservice,100.13671875,0.006329054890631561,0.0,0.1461,0.2253,0.1281,healthy_pages
2026-10-03T02:01:09,cartservice,63.11328125,0.015387041418579961,0.0,0.1461,0.2253,0.1281,healthy_pages
2026-10-03T02:01:09,paymentservice,31.890625,0.001137104475711484,0.0,0.1461,0.2253,0.1281,healthy_pages
2026-10-03T02:01:15,loadgenerator,68.67578125,0.009781626751385095,0.0,0.0997,0.064,0.0857,healthy_pages
2026-10-03T02:01:15,redis-cart,5.90625,0.005976797028621551,0.0,0.0997,0.064,0.0857,healthy_pages
2026-10-03T02:01:15,shippingservice,12.36328125,0.003181425317786255,0.0,0.0997,0.064,0.0857,healthy_pages
2026-10-03T02:01:15,emailservice,36.7421875,0.009523340917189689,0.0,0.0997,0.064,0.0857,healthy_pages
2026-10-03T02:01:15,productcatalogservice,14.6875,0.02778658359193036,0.0,0.0997,0.064,0.0857,healthy_pages
2026-10-03T02:01:15,frontend,14.8359375,0.06197966507177025,0.0,0.0997,0.064,0.0857,healthy_pages
2026-10-03T02:01:15,checkoutservice,12.89453125,0.0020566294532011376,0.0,0.0997,0.064,0.0857,healthy_pages
2026-10-03T02:01:15,currencyservice,39.7265625,0.030167699172551053,0.0,0.0997,0.064,0.0857,healthy_pages
2026-10-03T02:01:15,recommendationservice,32.484375,0.026978790455705025,4.0,0.0997,0.064,0.0857,healthy_pages
2026-10-03T02:01:15,adservice,100.13671875,0.00457357105866726,0.0,0.0997,0.064,0.0857,healthy_pages
2026-10-03T02:01:15,cartservice,63.11328125,0.015387041418579961,0.0,0.0997,0.064,0.0857,healthy_pages
2026-10-03T02:01:15,paymentservice,32.1953125,0.0011896414342629608,0.0,0.0997,0.064,0.0857,healthy_pages
2026-10-03T02:01:20,loadgenerator,68.67578125,0.008425103122275401,0.0,0.1391,0.0734,0.0825,healthy_pages
2026-10-03T02:01:20,redis-cart,5.90625,0.004945044604522514,0.0,0.1391,0.0734,0.0825,healthy_pages
2026-10-03T02:01:20,shippingservice,12.36328125,0.00290213837326807,0.0,0.1391,0.0734,0.0825,healthy_pages
2026-10-03T02:01:20,emailservice,36.7421875,0.009523340917189689,0.0,0.1391,0.0734,0.0825,healthy_pages
2026-10-03T02:01:20,productcatalogservice,14.6875,0.02778658359193036,0.0,0.1391,0.0734,0.0825,healthy_pages
2026-10-03T02:01:20,frontend,14.8359375,0.06045951740911339,0.0,0.1391,0.0734,0.0825,healthy_pages
2026-10-03T02:01:20,checkoutservice,12.89453125,0.002224651631829806,0.0,0.1391,0.0734,0.0825,healthy_pages
2026-10-03T02:01:20,currencyservice,39.7265625,0.025178008443261728,0.0,0.1391,0.0734,0.0825,healthy_pages
2026-10-03T02:01:20,recommendationservice,32.484375,0.02204781697124814,4.0,0.1391,0.0734,0.0825,healthy_pages
2026-10-03T02:01:20,adservice,100.13671875,0.0053585895415305335,0.0,0.1391,0.0734,0.0825,healthy_pages
2026-10-03T02:01:20,cartservice,63.11328125,0.012154010307627718,0.0,0.1391,0.0734,0.0825,healthy_pages
2026-10-03T02:01:20,paymentservice,32.1953125,0.0011896414342629608,0.0,0.1391,0.0734,0.0825,healthy_pages
2026-10-03T02:01:26,loadgenerator,69.4765625,0.010292745437717524,0.0,0.3152,0.1227,0.1706,healthy_pages
2026-10-03T02:01:26,redis-cart,6.40234375,0.006162648878321314,0.0,0.3152,0.1227,0.1706,healthy_pages
2026-10-03T02:01:26,shippingservice,12.36328125,0.0035037109434654995,0.0,0.3152,0.1227,0.1706,healthy_pages
2026-10-03T02:01:26,emailservice,36.99609375,0.00967760641835777,0.0,0.3152,0.1227,0.1706,healthy_pages
2026-10-03T02:01:26,productcatalogservice,14.6875,0.023708748079905733,0.0,0.3152,0.1227,0.1706,healthy_pages
2026-10-03T02:01:26,frontend,15.12109375,0.05858824078830592,0.0,0.3152,0.1227,0.1706,healthy_pages
2026-10-03T02:01:26,checkoutservice,12.89453125,0.002675263650375302,0.0,0.3152,0.1227,0.1706,healthy_pages
2026-10-03T02:01:26,currencyservice,39.21484375,0.028904039574695464,0.0,0.3152,0.1227,0.1706,healthy_pages
2026-10-03T02:01:26,recommendationservice,32.984375,0.025449593231370162,4.0,0.3152,0.1227,0.1706,healthy_pages
2026-10-03T02:01:26,adservice,100.13671875,0.005358589541530534,0.0,0.3152,0.1227,0.1706,healthy_pages
2026-10-03T02:01:26,cartservice,62.84765625,0.015738886693667853,0.0,0.3152,0.1227,0.1706,healthy_pages
2026-10-03T02:01:26,paymentservice,31.984375,0.0013637367440362687,0.0,0.3152,0.1227,0.1706,healthy_pages
2026-10-03T02:01:31,loadgenerator,69.4765625,0.010292745437717524,0.0,0.1058,0.0926,0.0614,healthy_pages
2026-10-03T02:01:31,redis-cart,6.40234375,0.006162648878321314,0.0,0.1058,0.0926,0.0614,healthy_pages
2026-10-03T02:01:31,shippingservice,12.36328125,0.0028244727806879186,0.0,0.1058,0.0926,0.0614,healthy_pages
2026-10-03T02:01:31,emailservice,36.99609375,0.007823267367259669,0.0,0.1058,0.0926,0.0614,healthy_pages
2026-10-03T02:01:31,productcatalogservice,14.6875,0.02210952679903903,0.0,0.1058,0.0926,0.0614,healthy_pages
2026-10-03T02:01:31,frontend,15.12109375,0.05858824078830592,0.0,0.1058,0.0926,0.0614,healthy_pages
2026-10-03T02:01:31,checkoutservice,12.89453125,0.0029798050415656497,0.0,0.1058,0.0926,0.0614,healthy_pages
2026-10-03T02:01:31,currencyservice,39.21484375,0.02890403957469547,0.0,0.1058,0.0926,0.0614,healthy_pages
2026-10-03T02:01:31,recommendationservice,32.984375,0.025449593231370162,4.0,0.1058,0.0926,0.0614,healthy_pages
2026-10-03T02:01:31,adservice,100.13671875,0.0039053700222400284,0.0,0.1058,0.0926,0.0614,healthy_pages
2026-10-03T02:01:31,cartservice,62.84765625,0.015738886693667853,0.0,0.1058,0.0926,0.0614,healthy_pages
2026-10-03T02:01:31,paymentservice,31.984375,0.0013637367440362687,0.0,0.1058,0.0926,0.0614,healthy_pages
2026-10-03T02:01:37,loadgenerator,68.9375,0.010751019681182443,0.0,0.1617,0.0527,0.1595,healthy_pages
2026-10-03T02:01:37,redis-cart,6.40234375,0.006162648878321314,0.0,0.1617,0.0527,0.1595,healthy_pages
2026-10-03T02:01:37,shippingservice,11.87890625,0.0036202457695407447,0.0,0.1617,0.0527,0.1595,healthy_pages
2026-10-03T02:01:37,emailservice,36.7421875,0.009430620710088263,0.0,0.1617,0.0527,0.1595,healthy_pages
2026-10-03T02:01:37,productcatalogservice,13.703125,0.02776350322464905,0.0,0.1617,0.0527,0.1595,healthy_pages
2026-10-03T02:01:37,frontend,14.8828125,0.04856548302633439,0.0,0.1617,0.0527,0.1595,healthy_pages
2026-10-03T02:01:37,checkoutservice,12.89453125,0.002850980329595326,0.0,0.1617,0.0527,0.1595,healthy_pages
2026-10-03T02:01:37,currencyservice,39.21484375,0.027759618932609517,0.0,0.1617,0.0527,0.1595,healthy_pages
2026-10-03T02:01:37,recommendationservice,33.234375,0.026408583070452223,4.0,0.1617,0.0527,0.1595,healthy_pages
2026-10-03T02:01:37,adservice,100.25390625,0.005517816981326999,0.0,0.1617,0.0527,0.1595,healthy_pages
2026-10-03T02:01:37,cartservice,62.875,0.017042701504939646,0.0,0.1617,0.0527,0.1595,healthy_pages
2026-10-03T02:01:37,paymentservice,31.984375,0.001363736744036269,0.0,0.1617,0.0527,0.1595,healthy_pages
2026-10-03T02:01:42,loadgenerator,68.9375,0.010877589857037942,0.0,0.4262,0.1818,0.1037,healthy_pages
2026-10-03T02:01:42,redis-cart,6.40234375,0.005059818531525482,0.0,0.4262,0.1818,0.1037,healthy_pages
2026-10-03T02:01:42,shippingservice,11.87890625,0.0037121286240748004,0.0,0.4262,0.1818,0.1037,healthy_pages
2026-10-03T02:01:42,emailservice,36.7421875,0.009430620710088263,0.0,0.4262,0.1818,0.1037,healthy_pages
2026-10-03T02:01:42,productcatalogservice,13.703125,0.022842821729031893,0.0,0.4262,0.1818,0.1037,healthy_pages
2026-10-03T02:01:42,frontend,14.8828125,0.059991743863873966,0.0,0.4262,0.1818,0.1037,healthy_pages
2026-10-03T02:01:42,checkoutservice,12.89453125,0.0025202865532681466,0.0,0.4262,0.1818,0.1037,healthy_pages
2026-10-03T02:01:42,currencyservice,39.21484375,0.0210796136317137,0.0,0.4262,0.1818,0.1037,healthy_pages
2026-10-03T02:01:42,recommendationservice,33.234375,0.026408583070452223,4.0,0.4262,0.1818,0.1037,healthy_pages
2026-10-03T02:01:42,adservice,100.25390625,0.005517816981326999,0.0,0.4262,0.1818,0.1037,healthy_pages
2026-10-03T02:01:42,cartservice,62.875,0.017042701504939643,0.0,0.4262,0.1818,0.1037,healthy_pages
2026-10-03T02:01:42,paymentservice,31.984375,0.0012298147355732942,0.0,0.4262,0.1818,0.1037,healthy_pages
2026-10-03T02:01:48,loadgenerator,68.9375,0.010877589857037942,0.0,0.139,0.1366,0.1848,healthy_pages
2026-10-03T02:01:48,redis-cart,5.91015625,0.006058683800622937,0.0,0.139,0.1366,0.1848,healthy_pages
2026-10-03T02:01:48,shippingservice,12.60546875,0.0034584946533925878,0.0,0.139,0.1366,0.1848,healthy_pages
2026-10-03T02:01:48,emailservice,36.7421875,0.007623608997360793,0.0,0.139,0.1366,0.1848,healthy_pages
2026-10-03T02:01:48,productcatalogservice,13.93359375,0.02886946074580784,0.0,0.139,0.1366,0.1848,healthy_pages
2026-10-03T02:01:48,frontend,14.86328125,0.06183924441017792,0.0,0.139,0.1366,0.1848,healthy_pages
2026-10-03T02:01:48,checkoutservice,12.90234375,0.0032649804042904603,0.0,0.139,0.1366,0.1848,healthy_pages
2026-10-03T02:01:48,currencyservice,39.26953125,0.026970822401158508,0.0,0.139,0.1366,0.1848,healthy_pages
2026-10-03T02:01:48,recommendationservice,32.2421875,0.02696460306254071,4.0,0.139,0.1366,0.1848,healthy_pages
2026-10-03T02:01:48,adservice,100.7578125,0.005584194385468084,0.0,0.139,0.1366,0.1848,healthy_pages
2026-10-03T02:01:48,cartservice,62.875,0.014516878460232563,0.0,0.139,0.1366,0.1848,healthy_pages
2026-10-03T02:01:48,paymentservice,32.625,0.0016370471475500733,0.0,0.139,0.1366,0.1848,healthy_pages
2026-10-03T02:01:54,loadgenerator,68.9375,0.00900380200400707,0.0,0.0489,0.0511,0.0339,healthy_pages
2026-10-03T02:01:54,redis-cart,5.91015625,0.006127015895115091,0.0,0.0489,0.0511,0.0339,healthy_pages
2026-10-03T02:01:54,shippingservice,12.60546875,0.0034584946533925878,0.0,0.0489,0.0511,0.0339,healthy_pages
2026-10-03T02:01:54,emailservice,36.7421875,0.006799740980505348,0.0,0.0489,0.0511,0.0339,healthy_pages
2026-10-03T02:01:54,productcatalogservice,13.93359375,0.024655802564064154,0.0,0.0489,0.0511,0.0339,healthy_pages
2026-10-03T02:01:54,frontend,14.86328125,0.06183924441017792,0.0,0.0489,0.0511,0.0339,healthy_pages
2026-10-03T02:01:54,checkoutservice,12.90234375,0.0025888029625619055,0.0,0.0489,0.0511,0.0339,healthy_pages
2026-10-03T02:01:54,currencyservice,39.26953125,0.02165240418102901,0.0,0.0489,0.0511,0.0339,healthy_pages
2026-10-03T02:01:54,recommendationservice,32.2421875,0.02696460306254071,4.0,0.0489,0.0511,0.0339,healthy_pages
2026-10-03T02:01:54,adservice,100.7578125,0.005584194385468084,0.0,0.0489,0.0511,0.0339,healthy_pages
2026-10-03T02:01:54,cartservice,62.875,0.013371394882243507,0.0,0.0489,0.0511,0.0339,healthy_pages
2026-10-03T02:01:54,paymentservice,32.625,0.0016370471475500733,0.0,0.0489,0.0511,0.0339,healthy_pages
2026-10-03T02:01:59,loadgenerator,68.9453125,0.01191985176573154,0.0,0.1486,0.0411,0.0304,healthy_pages
2026-10-03T02:01:59,redis-cart,5.91015625,0.006127015895115091,0.0,0.1486,0.0411,0.0304,healthy_pages
2026-10-03T02:01:59,shippingservice,12.60546875,0.00283762220422135,0.0,0.1486,0.0411,0.0304,healthy_pages
2026-10-03T02:01:59,emailservice,36.7421875,0.00906136600884829,0.0,0.1486,0.0411,0.0304,healthy_pages
2026-10-03T02:01:59,productcatalogservice,13.71484375,0.029275586091412294,0.0,0.1486,0.0411,0.0304,healthy_pages
2026-10-03T02:01:59,frontend,14.86328125,0.05301971995664189,0.0,0.1486,0.0411,0.0304,healthy_pages
2026-10-03T02:01:59,checkoutservice,13.14453125,0.002740543517839543,0.0,0.1486,0.0411,0.0304,healthy_pages
2026-10-03T02:01:59,currencyservice,39.77734375,0.027427462627462502,0.0,0.1486,0.0411,0.0304,healthy_pages
2026-10-03T02:01:59,recommendationservice,32.2421875,0.02696460306254071,4.0,0.1486,0.0411,0.0304,healthy_pages
2026-10-03T02:01:59,adservice,100.7578125,0.004656659698041836,0.0,0.1486,0.0411,0.0304,healthy_pages
2026-10-03T02:01:59,cartservice,63.85546875,0.016022842742754992,0.0,0.1486,0.0411,0.0304,healthy_pages
2026-10-03T02:01:59,paymentservice,32.625,0.00144630180583841,0.0,0.1486,0.0411,0.0304,healthy_pages
2026-10-03T02:02:04,loadgenerator,68.9453125,0.01091289727141398,0.0,0.1591,0.1045,0.0597,healthy_pages
2026-10-03T02:02:04,redis-cart,5.91015625,0.006121035513526577,0.0,0.1591,0.1045,0.0597,healthy_pages
2026-10-03T02:02:04,shippingservice,12.60546875,0.0033423809416990263,0.0,0.1591,0.1045,0.0597,healthy_pages
2026-10-03T02:02:04,emailservice,36.7421875,0.009039069767441753,0.0,0.1591,0.1045,0.0597,healthy_pages
2026-10-03T02:02:04,productcatalogservice,13.71484375,0.029275586091412294,0.0,0.1591,0.1045,0.0597,healthy_pages
2026-10-03T02:02:04,frontend,14.86328125,0.05820059373090002,0.0,0.1591,0.1045,0.0597,healthy_pages
2026-10-03T02:02:04,checkoutservice,13.14453125,0.0024502162768343765,0.0,0.1591,0.1045,0.0597,healthy_pages
2026-10-03T02:02:04,currencyservice,39.77734375,0.027850646345601467,0.0,0.1591,0.1045,0.0597,healthy_pages
2026-10-03T02:02:04,recommendationservice,32.2421875,0.02192773397330546,4.0,0.1591,0.1045,0.0597,healthy_pages
2026-10-03T02:02:04,adservice,100.7578125,0.006242966428526181,0.0,0.1591,0.1045,0.0597,healthy_pages
2026-10-03T02:02:04,cartservice,63.85546875,0.01640390529364326,0.0,0.1591,0.1045,0.0597,healthy_pages
2026-10-03T02:02:04,paymentservice,32.625,0.0015281176195238338,0.0,0.1591,0.1045,0.0597,healthy_pages
2026-10-03T02:02:10,loadgenerator,68.92578125,0.010830601987142021,0.0,0.1026,0.1564,0.1024,healthy_pages
2026-10-03T02:02:10,redis-cart,5.671875,0.005926532638371667,0.0,0.1026,0.1564,0.1024,healthy_pages
2026-10-03T02:02:10,shippingservice,12.3515625,0.0033423809416990263,0.0,0.1026,0.1564,0.1024,healthy_pages
2026-10-03T02:02:10,emailservice,36.74609375,0.008736838449783816,0.0,0.1026,0.1564,0.1024,healthy_pages
2026-10-03T02:02:10,productcatalogservice,13.71484375,0.023469749443050383,0.0,0.1026,0.1564,0.1024,healthy_pages
2026-10-03T02:02:10,frontend,14.38671875,0.05938223126928832,0.0,0.1026,0.1564,0.1024,healthy_pages
2026-10-03T02:02:10,checkoutservice,12.8984375,0.002023134444617578,0.0,0.1026,0.1564,0.1024,healthy_pages
2026-10-03T02:02:10,currencyservice,39.77734375,0.027850646345601467,0.0,0.1026,0.1564,0.1024,healthy_pages
2026-10-03T02:02:10,recommendationservice,33.734375,0.02605524697211933,4.0,0.1026,0.1564,0.1024,healthy_pages
2026-10-03T02:02:10,adservice,100.5,0.006242966428526181,0.0,0.1026,0.1564,0.1024,healthy_pages
2026-10-03T02:02:10,cartservice,63.85546875,0.01346958838463743,0.0,0.1026,0.1564,0.1024,healthy_pages
2026-10-03T02:02:10,paymentservice,31.890625,0.0015281176195238338,0.0,0.1026,0.1564,0.1024,healthy_pages
2026-10-03T02:02:15,loadgenerator,68.92578125,0.010830601987142021,0.0,0.2014,0.0499,0.0775,healthy_pages
2026-10-03T02:02:15,redis-cart,5.671875,0.005926532638371667,0.0,0.2014,0.0499,0.0775,healthy_pages
2026-10-03T02:02:15,shippingservice,12.84765625,0.0033810001399450745,0.0,0.2014,0.0499,0.0775,healthy_pages
2026-10-03T02:02:15,emailservice,36.74609375,0.008736838449783816,0.0,0.2014,0.0499,0.0775,healthy_pages
2026-10-03T02:02:15,productcatalogservice,13.984375,0.02844613263195745,0.0,0.2014,0.0499,0.0775,healthy_pages
2026-10-03T02:02:15,frontend,14.94921875,0.06103631440202399,0.0,0.2014,0.0499,0.0775,healthy_pages
2026-10-03T02:02:15,checkoutservice,12.8984375,0.0017114705834242404,0.0,0.2014,0.0499,0.0775,healthy_pages
2026-10-03T02:02:15,currencyservice,39.39453125,0.027788581005586552,0.0,0.2014,0.0499,0.0775,healthy_pages
2026-10-03T02:02:15,recommendationservice,33.4609375,0.02628292537905032,4.0,0.2014,0.0499,0.0775,healthy_pages
2026-10-03T02:02:15,adservice,100.5,0.004981576106942245,0.0,0.2014,0.0499,0.0775,healthy_pages
2026-10-03T02:02:15,cartservice,63.84765625,0.015239058433877234,0.0,0.2014,0.0499,0.0775,healthy_pages
2026-10-03T02:02:15,paymentservice,31.890625,0.001412835724932078,0.0,0.2014,0.0499,0.0775,healthy_pages
2026-10-03T02:02:21,loadgenerator,68.92578125,0.008203390248328378,0.0,0.2504,0.1917,0.202,healthy_pages
2026-10-03T02:02:21,redis-cart,5.671875,0.0046851462956067425,0.0,0.2504,0.1917,0.202,healthy_pages
2026-10-03T02:02:21,shippingservice,12.84765625,0.0033810001399450736,0.0,0.2504,0.1917,0.202,healthy_pages
2026-10-03T02:02:21,emailservice,36.74609375,0.006858188422782161,0.0,0.2504,0.1917,0.202,healthy_pages
2026-10-03T02:02:21,productcatalogservice,13.984375,0.02363818309791102,0.0,0.2504,0.1917,0.202,healthy_pages
2026-10-03T02:02:21,frontend,14.94921875,0.059655531393142745,0.0,0.2504,0.1917,0.202,healthy_pages
2026-10-03T02:02:21,checkoutservice,12.8984375,0.001517755460352107,0.0,0.2504,0.1917,0.202,healthy_pages
2026-10-03T02:02:21,currencyservice,39.39453125,0.028951431678144283,0.0,0.2504,0.1917,0.202,healthy_pages
2026-10-03T02:02:21,recommendationservice,33.4609375,0.025422138277250043,4.0,0.2504,0.1917,0.202,healthy_pages
2026-10-03T02:02:21,adservice,100.5,0.004635108451250808,0.0,0.2504,0.1917,0.202,healthy_pages
2026-10-03T02:02:21,cartservice,63.84765625,0.01343864867139915,0.0,0.2504,0.1917,0.202,healthy_pages
2026-10-03T02:02:21,paymentservice,31.890625,0.001063235411613156,0.0,0.2504,0.1917,0.202,healthy_pages
2026-10-03T02:02:26,loadgenerator,68.71484375,0.010667275875336115,0.0,0.1537,0.0729,0.104,healthy_pages
2026-10-03T02:02:26,redis-cart,6.16796875,0.0062316191742129495,0.0,0.1537,0.0729,0.104,healthy_pages
2026-10-03T02:02:26,shippingservice,12.84765625,0.0033810001399450745,0.0,0.1537,0.0729,0.104,healthy_pages
2026-10-03T02:02:26,emailservice,36.7421875,0.00908870647949854,0.0,0.1537,0.0729,0.104,healthy_pages
2026-10-03T02:02:26,productcatalogservice,13.48046875,0.027228527566051722,0.0,0.1537,0.0729,0.104,healthy_pages
2026-10-03T02:02:26,frontend,14.94921875,0.059655531393142745,0.0,0.1537,0.0729,0.104,healthy_pages
2026-10-03T02:02:26,checkoutservice,12.8984375,0.002402022212671526,0.0,0.1537,0.0729,0.104,healthy_pages
2026-10-03T02:02:26,currencyservice,39.5234375,0.028643337882994814,0.0,0.1537,0.0729,0.104,healthy_pages
2026-10-03T02:02:26,recommendationservice,32.71484375,0.026355110502491313,4.0,0.1537,0.0729,0.104,healthy_pages
2026-10-03T02:02:26,adservice,100.99609375,0.005853732647921665,0.0,0.1537,0.0729,0.104,healthy_pages
2026-10-03T02:02:26,cartservice,63.6015625,0.014485589960269853,0.0,0.1537,0.0729,0.104,healthy_pages
2026-10-03T02:02:26,paymentservice,31.93359375,0.0013514065648897078,0.0,0.1537,0.0729,0.104,healthy_pages
2026-10-03T02:02:32,loadgenerator,68.71484375,0.008890226239792623,0.0,0.1447,0.0582,0.0519,healthy_pages
2026-10-03T02:02:32,redis-cart,6.16796875,0.00623161917421295,0.0,0.1447,0.0582,0.0519,healthy_pages
2026-10-03T02:02:32,shippingservice,12.84765625,0.002839050844667429,0.0,0.1447,0.0582,0.0519,healthy_pages
2026-10-03T02:02:32,emailservice,36.7421875,0.00948001290436104,0.0,0.1447,0.0582,0.0519,healthy_pages
2026-10-03T02:02:32,productcatalogservice,13.48046875,0.022314307783970946,0.0,0.1447,0.0582,0.0519,healthy_pages
2026-10-03T02:02:32,frontend,14.94921875,0.046050100984969575,0.0,0.1447,0.0582,0.0519,healthy_pages
2026-10-03T02:02:32,checkoutservice,12.8984375,0.002402022212671526,0.0,0.1447,0.0582,0.0519,healthy_pages
2026-10-03T02:02:32,currencyservice,39.5234375,0.028643337882994814,0.0,0.1447,0.0582,0.0519,healthy_pages
2026-10-03T02:02:32,recommendationservice,32.71484375,0.025703176482701616,4.0,0.1447,0.0582,0.0519,healthy_pages
2026-10-03T02:02:32,adservice,100.99609375,0.005984459102902319,0.0,0.1447,0.0582,0.0519,healthy_pages
2026-10-03T02:02:32,cartservice,63.6015625,0.014485589960269853,0.0,0.1447,0.0582,0.0519,healthy_pages
2026-10-03T02:02:32,paymentservice,31.93359375,0.0013514065648897078,0.0,0.1447,0.0582,0.0519,healthy_pages
2026-10-03T02:02:37,loadgenerator,68.9453125,0.010379117267018737,0.0,0.2137,0.2007,0.0983,healthy_pages
2026-10-03T02:02:37,redis-cart,6.16015625,0.006291765941879663,0.0,0.2137,0.2007,0.0983,healthy_pages
2026-10-03T02:02:37,shippingservice,12.35546875,0.004167091973495048,0.0,0.2137,0.2007,0.0983,healthy_pages
2026-10-03T02:02:37,emailservice,36.7421875,0.00948001290436104,0.0,0.2137,0.2007,0.0983,healthy_pages
2026-10-03T02:02:37,productcatalogservice,14.4765625,0.030048908624677968,0.0,0.2137,0.2007,0.0983,healthy_pages
2026-10-03T02:02:37,frontend,14.09765625,0.061753809395004806,0.0,0.2137,0.2007,0.0983,healthy_pages
2026-10-03T02:02:37,checkoutservice,12.8984375,0.0028755392707285987,0.0,0.2137,0.2007,0.0983,healthy_pages
2026-10-03T02:02:37,currencyservice,39.72265625,0.02492279945375452,0.0,0.2137,0.2007,0.0983,healthy_pages
2026-10-03T02:02:37,recommendationservice,32.71484375,0.0222185397287718,4.0,0.2137,0.2007,0.0983,healthy_pages
2026-10-03T02:02:37,adservice,100.25390625,0.005812825458052063,0.0,0.2137,0.2007,0.0983,healthy_pages
2026-10-03T02:02:37,cartservice,63.6015625,0.012328915409365692,0.0,0.2137,0.2007,0.0983,healthy_pages
2026-10-03T02:02:37,paymentservice,31.984375,0.0013615727002967346,0.0,0.2137,0.2007,0.0983,healthy_pages
2026-10-03T02:02:43,loadgenerator,68.9453125,0.010379117267018737,0.0,0.2702,0.0667,0.0809,healthy_pages
2026-10-03T02:02:43,redis-cart,6.16015625,0.006390106395281816,0.0,0.2702,0.0667,0.0809,healthy_pages
2026-10-03T02:02:43,shippingservice,12.35546875,0.004626096837320811,0.0,0.2702,0.0667,0.0809,healthy_pages
2026-10-03T02:02:43,emailservice,36.7421875,0.0072998074366268425,0.0,0.2702,0.0667,0.0809,healthy_pages
2026-10-03T02:02:43,productcatalogservice,14.4765625,0.024402528751508164,0.0,0.2702,0.0667,0.0809,healthy_pages
2026-10-03T02:02:43,frontend,14.09765625,0.061753809395004806,0.0,0.2702,0.0667,0.0809,healthy_pages
2026-10-03T02:02:43,checkoutservice,12.8984375,0.0021327155886176337,0.0,0.2702,0.0667,0.0809,healthy_pages
2026-10-03T02:02:43,currencyservice,39.72265625,0.0297060513366143,0.0,0.2702,0.0667,0.0809,healthy_pages
2026-10-03T02:02:43,recommendationservice,32.71484375,0.01986155844530806,4.0,0.2702,0.0667,0.0809,healthy_pages
2026-10-03T02:02:43,adservice,100.25390625,0.005609715957576538,0.0,0.2702,0.0667,0.0809,healthy_pages
2026-10-03T02:02:43,cartservice,63.6015625,0.010965115704259915,0.0,0.2702,0.0667,0.0809,healthy_pages
2026-10-03T02:02:43,paymentservice,31.984375,0.0014934168934333503,0.0,0.2702,0.0667,0.0809,healthy_pages
2026-10-03T02:02:48,loadgenerator,68.9453125,0.010379117267018737,0.0,0.1767,0.0651,0.0717,healthy_pages
2026-10-03T02:02:48,redis-cart,6.16015625,0.006390106395281816,0.0,0.1767,0.0651,0.0717,healthy_pages
2026-10-03T02:02:48,shippingservice,12.35546875,0.0036706921879931303,0.0,0.1767,0.0651,0.0717,healthy_pages
2026-10-03T02:02:48,emailservice,36.74609375,0.00982132952579721,0.0,0.1767,0.0651,0.0717,healthy_pages
2026-10-03T02:02:48,productcatalogservice,14.42578125,0.02867718147397979,0.0,0.1767,0.0651,0.0717,healthy_pages
2026-10-03T02:02:48,frontend,14.09765625,0.043894800000001066,0.0,0.1767,0.0651,0.0717,healthy_pages
2026-10-03T02:02:48,checkoutservice,13.01953125,0.0038329336530774694,0.0,0.1767,0.0651,0.0717,healthy_pages
2026-10-03T02:02:48,currencyservice,39.72265625,0.024205893414830894,0.0,0.1767,0.0651,0.0717,healthy_pages
2026-10-03T02:02:48,recommendationservice,32.515625,0.02739650981295265,4.0,0.1767,0.0651,0.0717,healthy_pages
2026-10-03T02:02:48,adservice,100.25390625,0.005609715957576539,0.0,0.1767,0.0651,0.0717,healthy_pages
2026-10-03T02:02:48,cartservice,63.37890625,0.015831591507570793,0.0,0.1767,0.0651,0.0717,healthy_pages
2026-10-03T02:02:48,paymentservice,31.984375,0.0014934168934333503,0.0,0.1767,0.0651,0.0717,healthy_pages
2026-10-03T02:02:54,loadgenerator,68.9453125,0.008953175688243626,0.0,0.1016,0.0199,0.1672,healthy_pages
2026-10-03T02:02:54,redis-cart,6.16015625,0.0052066586908756235,0.0,0.1016,0.0199,0.1672,healthy_pages
2026-10-03T02:02:54,shippingservice,12.35546875,0.0032541892694063464,0.0,0.1016,0.0199,0.1672,healthy_pages
2026-10-03T02:02:54,emailservice,36.74609375,0.009821329525797211,0.0,0.1016,0.0199,0.1672,healthy_pages
2026-10-03T02:02:54,productcatalogservice,14.42578125,0.024796698847007782,0.0,0.1016,0.0199,0.1672,healthy_pages
2026-10-03T02:02:54,frontend,14.09765625,0.04788069854253416,0.0,0.1016,0.0199,0.1672,healthy_pages
2026-10-03T02:02:54,checkoutservice,13.01953125,0.0038329336530774694,0.0,0.1016,0.0199,0.1672,healthy_pages
2026-10-03T02:02:54,currencyservice,39.72265625,0.02229284442057952,0.0,0.1016,0.0199,0.1672,healthy_pages
2026-10-03T02:02:54,recommendationservice,32.515625,0.02228180973512283,4.0,0.1016,0.0199,0.1672,healthy_pages
2026-10-03T02:02:54,adservice,100.25390625,0.004511707554146892,0.0,0.1016,0.0199,0.1672,healthy_pages
2026-10-03T02:02:54,cartservice,63.37890625,0.017400388819836382,0.0,0.1016,0.0199,0.1672,healthy_pages
2026-10-03T02:02:54,paymentservice,31.984375,0.0014934168934333503,0.0,0.1016,0.0199,0.1672,healthy_pages
2026-10-03T02:02:59,loadgenerator,68.94140625,0.01087607784007987,0.0,0.085,0.0411,0.0701,healthy_pages
2026-10-03T02:02:59,redis-cart,5.91015625,0.00617276661053425,0.0,0.085,0.0411,0.0701,healthy_pages
2026-10-03T02:02:59,shippingservice,12.59375,0.003935987531878435,0.0,0.085,0.0411,0.0701,healthy_pages
2026-10-03T02:02:59,emailservice,36.74609375,0.009952414515284383,0.0,0.085,0.0411,0.0701,healthy_pages
2026-10-03T02:02:59,productcatalogservice,14.65234375,0.029158575161600423,0.0,0.085,0.0411,0.0701,healthy_pages
2026-10-03T02:02:59,frontend,15.33203125,0.06307602431337442,0.0,0.085,0.0411,0.0701,healthy_pages
2026-10-03T02:02:59,checkoutservice,12.7734375,0.0028867897669499296,0.0,0.085,0.0411,0.0701,healthy_pages
2026-10-03T02:02:59,currencyservice,38.8203125,0.029941072376569976,0.0,0.085,0.0411,0.0701,healthy_pages
2026-10-03T02:02:59,recommendationservice,32.75,0.026356443698008426,4.0,0.085,0.0411,0.0701,healthy_pages
2026-10-03T02:02:59,adservice,100.49609375,0.005973365311790123,0.0,0.085,0.0411,0.0701,healthy_pages
2026-10-03T02:02:59,cartservice,63.37109375,0.017146178730287367,0.0,0.085,0.0411,0.0701,healthy_pages
2026-10-03T02:02:59,paymentservice,32.6484375,0.0014647175333313755,0.0,0.085,0.0411,0.0701,healthy_pages
2026-10-03T02:03:04,loadgenerator,68.94140625,0.008350476265989497,0.0,0.1204,0.0346,0.0351,healthy_pages
2026-10-03T02:03:04,redis-cart,5.91015625,0.00499033462496171,0.0,0.1204,0.0346,0.0351,healthy_pages
2026-10-03T02:03:04,shippingservice,12.59375,0.003935987531878435,0.0,0.1204,0.0346,0.0351,healthy_pages
2026-10-03T02:03:04,emailservice,36.74609375,0.010014891217829181,0.0,0.1204,0.0346,0.0351,healthy_pages
2026-10-03T02:03:04,productcatalogservice,14.65234375,0.02388731224269893,0.0,0.1204,0.0346,0.0351,healthy_pages
2026-10-03T02:03:04,frontend,15.33203125,0.061474056603773676,0.0,0.1204,0.0346,0.0351,healthy_pages
2026-10-03T02:03:04,checkoutservice,12.7734375,0.0018462260986246628,0.0,0.1204,0.0346,0.0351,healthy_pages
2026-10-03T02:03:04,currencyservice,38.8203125,0.023738696064118013,0.0,0.1204,0.0346,0.0351,healthy_pages
2026-10-03T02:03:04,recommendationservice,32.75,0.022256332819065184,4.0,0.1204,0.0346,0.0351,healthy_pages
2026-10-03T02:03:04,adservice,100.49609375,0.005212074785490306,0.0,0.1204,0.0346,0.0351,healthy_pages
2026-10-03T02:03:04,cartservice,63.37109375,0.017146178730287367,0.0,0.1204,0.0346,0.0351,healthy_pages
2026-10-03T02:03:04,paymentservice,32.6484375,0.001464717533331376,0.0,0.1204,0.0346,0.0351,healthy_pages
2026-10-03T02:03:09,loadgenerator,68.9765625,0.011423832848926257,0.0,0.1378,0.0545,0.0227,healthy_pages
2026-10-03T02:03:09,redis-cart,6.40234375,0.006290140304490599,0.0,0.1378,0.0545,0.0227,healthy_pages
2026-10-03T02:03:09,shippingservice,11.859375,0.004026531236849127,0.0,0.1378,0.0545,0.0227,healthy_pages
2026-10-03T02:03:09,emailservice,36.99609375,0.010192867719645358,0.0,0.1378,0.0545,0.0227,healthy_pages
2026-10-03T02:03:09,productcatalogservice,14.1796875,0.03114949828527943,0.0,0.1378,0.0545,0.0227,healthy_pages
2026-10-03T02:03:09,frontend,14.4375,0.06659423024508815,0.0,0.1378,0.0545,0.0227,healthy_pages
2026-10-03T02:03:09,checkoutservice,12.7734375,0.0014373639438667427,0.0,0.1378,0.0545,0.0227,healthy_pages
2026-10-03T02:03:09,currencyservice,39.47265625,0.030832911288874665,0.0,0.1378,0.0545,0.0227,healthy_pages
2026-10-03T02:03:09,recommendationservice,32.75,0.019950583269551084,4.0,0.1378,0.0545,0.0227,healthy_pages
2026-10-03T02:03:09,adservice,100.25390625,0.006402868158043429,0.0,0.1378,0.0545,0.0227,healthy_pages
2026-10-03T02:03:09,cartservice,63.6015625,0.018259865496409646,0.0,0.1378,0.0545,0.0227,healthy_pages
2026-10-03T02:03:09,paymentservice,32.6484375,0.0011976446000975661,0.0,0.1378,0.0545,0.0227,healthy_pages
2026-10-03T02:03:15,loadgenerator,68.9765625,0.011423832848926257,0.0,0.0906,0.0561,0.0723,healthy_pages
2026-10-03T02:03:15,redis-cart,6.40234375,0.006290140304490599,0.0,0.0906,0.0561,0.0723,healthy_pages
2026-10-03T02:03:15,shippingservice,11.859375,0.003489410449846427,0.0,0.0906,0.0561,0.0723,healthy_pages
2026-10-03T02:03:15,emailservice,36.99609375,0.010192867719645358,0.0,0.0906,0.0561,0.0723,healthy_pages
2026-10-03T02:03:15,productcatalogservice,14.1796875,0.02860032967033066,0.0,0.0906,0.0561,0.0723,healthy_pages
2026-10-03T02:03:15,frontend,14.4375,0.06396573142649423,0.0,0.0906,0.0561,0.0723,healthy_pages
2026-10-03T02:03:15,checkoutservice,13.00390625,0.004046459266956865,0.0,0.0906,0.0561,0.0723,healthy_pages
2026-10-03T02:03:15,currencyservice,38.89453125,0.033174857949404904,0.0,0.0906,0.0561,0.0723,healthy_pages
2026-10-03T02:03:15,recommendationservice,32.234375,0.026293278747526155,4.0,0.0906,0.0561,0.0723,healthy_pages
2026-10-03T02:03:15,adservice,100.25390625,0.006402868158043429,0.0,0.0906,0.0561,0.0723,healthy_pages
2026-10-03T02:03:15,cartservice,63.6015625,0.018259865496409646,0.0,0.0906,0.0561,0.0723,healthy_pages
2026-10-03T02:03:15,paymentservice,31.88671875,0.0014862719688993283,0.0,0.0906,0.0561,0.0723,healthy_pages
2026-10-03T02:03:20,loadgenerator,68.9765625,0.011470192123571076,0.0,0.3059,0.2141,0.2818,healthy_pages
2026-10-03T02:03:20,redis-cart,6.40234375,0.005221148200980502,0.0,0.3059,0.2141,0.2818,healthy_pages
2026-10-03T02:03:20,shippingservice,11.859375,0.003489410449846427,0.0,0.3059,0.2141,0.2818,healthy_pages
2026-10-03T02:03:20,emailservice,36.99609375,0.006189500000000692,0.0,0.3059,0.2141,0.2818,healthy_pages
2026-10-03T02:03:20,productcatalogservice,14.1796875,0.022598868270452554,0.0,0.3059,0.2141,0.2818,healthy_pages
2026-10-03T02:03:20,frontend,14.4375,0.051826101697269394,0.0,0.3059,0.2141,0.2818,healthy_pages
2026-10-03T02:03:20,checkoutservice,13.00390625,0.004571985455498463,0.0,0.3059,0.2141,0.2818,healthy_pages
2026-10-03T02:03:20,currencyservice,38.89453125,0.03311701345227641,0.0,0.3059,0.2141,0.2818,healthy_pages
2026-10-03T02:03:20,recommendationservice,32.234375,0.02629327874752616,4.0,0.3059,0.2141,0.2818,healthy_pages
2026-10-03T02:03:20,adservice,100.25390625,0.005393683474644883,0.0,0.3059,0.2141,0.2818,healthy_pages
2026-10-03T02:03:20,cartservice,63.6015625,0.011628775000000147,0.0,0.3059,0.2141,0.2818,healthy_pages
2026-10-03T02:03:20,paymentservice,31.88671875,0.0015442870215518598,0.0,0.3059,0.2141,0.2818,healthy_pages
2026-10-03T02:03:26,loadgenerator,68.76171875,0.010968106376315238,0.0,0.3007,0.2035,0.1199,healthy_pages
2026-10-03T02:03:26,redis-cart,5.90625,0.006127123155092959,0.0,0.3007,0.2035,0.1199,healthy_pages
2026-10-03T02:03:26,shippingservice,12.1015625,0.003361614333544379,0.0,0.3007,0.2035,0.1199,healthy_pages
2026-10-03T02:03:26,emailservice,36.7421875,0.009964523166423878,0.0,0.3007,0.2035,0.1199,healthy_pages
2026-10-03T02:03:26,productcatalogservice,14.19140625,0.029778154367584412,0.0,0.3007,0.2035,0.1199,healthy_pages
2026-10-03T02:03:26,frontend,14.74609375,0.06464874388130296,0.0,0.3007,0.2035,0.1199,healthy_pages
2026-10-03T02:03:26,checkoutservice,12.7734375,0.0036888301099273603,0.0,0.3007,0.2035,0.1199,healthy_pages
2026-10-03T02:03:26,currencyservice,38.89453125,0.03311701345227641,0.0,0.3007,0.2035,0.1199,healthy_pages
2026-10-03T02:03:26,recommendationservice,31.984375,0.02683761023111919,4.0,0.3007,0.2035,0.1199,healthy_pages
2026-10-03T02:03:26,adservice,100.39453125,0.006808340230780527,0.0,0.3007,0.2035,0.1199,healthy_pages
2026-10-03T02:03:26,cartservice,63.1015625,0.018112459462286904,0.0,0.3007,0.2035,0.1199,healthy_pages
2026-10-03T02:03:26,paymentservice,31.8984375,0.0013596107710589704,0.0,0.3007,0.2035,0.1199,healthy_pages
2026-10-03T02:03:32,loadgenerator,68.76171875,0.008990343527930504,0.0,0.2582,0.1152,0.0969,healthy_pages
2026-10-03T02:03:32,redis-cart,5.90625,0.005123125946984811,0.0,0.2582,0.1152,0.0969,healthy_pages
2026-10-03T02:03:32,shippingservice,12.1015625,0.0036336652676048535,0.0,0.2582,0.1152,0.0969,healthy_pages
2026-10-03T02:03:32,emailservice,36.7421875,0.008374074552138556,0.0,0.2582,0.1152,0.0969,healthy_pages
2026-10-03T02:03:32,productcatalogservice,14.19140625,0.024814632337080884,0.0,0.2582,0.1152,0.0969,healthy_pages
2026-10-03T02:03:32,frontend,14.74609375,0.07147838792158773,0.0,0.2582,0.1152,0.0969,healthy_pages
2026-10-03T02:03:32,checkoutservice,12.7734375,0.0031166413261261004,0.0,0.2582,0.1152,0.0969,healthy_pages
2026-10-03T02:03:32,currencyservice,38.89453125,0.028390603354578565,0.0,0.2582,0.1152,0.0969,healthy_pages
2026-10-03T02:03:32,recommendationservice,31.984375,0.02683761023111919,4.0,0.2582,0.1152,0.0969,healthy_pages
2026-10-03T02:03:32,adservice,100.39453125,0.005638024369221748,0.0,0.2582,0.1152,0.0969,healthy_pages
2026-10-03T02:03:32,cartservice,63.1015625,0.01567079930199584,0.0,0.2582,0.1152,0.0969,healthy_pages
2026-10-03T02:03:32,paymentservice,31.8984375,0.0013596107710589704,0.0,0.2582,0.1152,0.0969,healthy_pages
2026-10-03T02:03:37,loadgenerator,69.4921875,0.01136283224400829,0.0,0.2674,0.1454,0.0295,healthy_pages
2026-10-03T02:03:37,redis-cart,6.40234375,0.006276757398070394,0.0,0.2674,0.1454,0.0295,healthy_pages
2026-10-03T02:03:37,shippingservice,12.1015625,0.0036336652676048535,0.0,0.2674,0.1454,0.0295,healthy_pages
2026-10-03T02:03:37,emailservice,36.7421875,0.009843183655761626,0.0,0.2674,0.1454,0.0295,healthy_pages
2026-10-03T02:03:37,productcatalogservice,14.16796875,0.03332181330859263,0.0,0.2674,0.1454,0.0295,healthy_pages
2026-10-03T02:03:37,frontend,14.74609375,0.07147838792158773,0.0,0.2674,0.1454,0.0295,healthy_pages
2026-10-03T02:03:37,checkoutservice,12.7734375,0.004007566824631372,0.0,0.2674,0.1454,0.0295,healthy_pages
2026-10-03T02:03:37,currencyservice,39.12109375,0.032328006876639455,0.0,0.2674,0.1454,0.0295,healthy_pages
2026-10-03T02:03:37,recommendationservice,31.984375,0.027951275510203998,4.0,0.2674,0.1454,0.0295,healthy_pages
2026-10-03T02:03:37,adservice,100.53515625,0.006974267003613938,0.0,0.2674,0.1454,0.0295,healthy_pages
2026-10-03T02:03:37,cartservice,63.62109375,0.0181776251594986,0.0,0.2674,0.1454,0.0295,healthy_pages
2026-10-03T02:03:37,paymentservice,31.8984375,0.001003140721406598,0.0,0.2674,0.1454,0.0295,healthy_pages
2026-10-03T02:03:43,loadgenerator,69.4921875,0.01136283224400829,0.0,0.1626,0.1773,0.0929,healthy_pages
2026-10-03T02:03:43,redis-cart,6.40234375,0.006276757398070394,0.0,0.1626,0.1773,0.0929,healthy_pages
2026-10-03T02:03:43,shippingservice,12.1015625,0.0036336652676048535,0.0,0.1626,0.1773,0.0929,healthy_pages
2026-10-03T02:03:43,emailservice,36.7421875,0.008296731769416288,0.0,0.1626,0.1773,0.0929,healthy_pages
2026-10-03T02:03:43,productcatalogservice,14.16796875,0.02788313801307517,0.0,0.1626,0.1773,0.0929,healthy_pages
2026-10-03T02:03:43,frontend,14.74609375,0.05449631425788383,0.0,0.1626,0.1773,0.0929,healthy_pages
2026-10-03T02:03:43,checkoutservice,12.7734375,0.003517405737538297,0.0,0.1626,0.1773,0.0929,healthy_pages
2026-10-03T02:03:43,currencyservice,39.12109375,0.032328006876639455,0.0,0.1626,0.1773,0.0929,healthy_pages
2026-10-03T02:03:43,recommendationservice,31.984375,0.027951275510203998,4.0,0.1626,0.1773,0.0929,healthy_pages
2026-10-03T02:03:43,adservice,100.53515625,0.005626083072923668,0.0,0.1626,0.1773,0.0929,healthy_pages
2026-10-03T02:03:43,cartservice,63.62109375,0.0187137093761672,0.0,0.1626,0.1773,0.0929,healthy_pages
2026-10-03T02:03:43,paymentservice,31.8984375,0.0008883473907660607,0.0,0.1626,0.1773,0.0929,healthy_pages
2026-10-03T02:03:48,loadgenerator,69.1796875,0.009185533119956584,0.0,0.2276,0.0532,0.09,healthy_pages
2026-10-03T02:03:48,redis-cart,6.40234375,0.0039752750000005225,0.0,0.2276,0.0532,0.09,healthy_pages
2026-10-03T02:03:48,shippingservice,12.8828125,0.004242123215941864,0.0,0.2276,0.0532,0.09,healthy_pages
2026-10-03T02:03:48,emailservice,36.9921875,0.009685940835620714,0.0,0.2276,0.0532,0.09,healthy_pages
2026-10-03T02:03:48,productcatalogservice,14.16796875,0.023682090736472615,0.0,0.2276,0.0532,0.09,healthy_pages
2026-10-03T02:03:48,frontend,13.55078125,0.06070404677820878,0.0,0.2276,0.0532,0.09,healthy_pages
2026-10-03T02:03:48,checkoutservice,13.26953125,0.004589669677364245,0.0,0.2276,0.0532,0.09,healthy_pages
2026-10-03T02:03:48,currencyservice,39.12109375,0.027861925757360507,0.0,0.2276,0.0532,0.09,healthy_pages
2026-10-03T02:03:48,recommendationservice,32.01171875,0.02899111285113037,4.0,0.2276,0.0532,0.09,healthy_pages
2026-10-03T02:03:48,adservice,100.515625,0.006408100019103716,0.0,0.2276,0.0532,0.09,healthy_pages
2026-10-03T02:03:48,cartservice,63.62109375,0.015849108313410406,0.0,0.2276,0.0532,0.09,healthy_pages
2026-10-03T02:03:48,paymentservice,32.18359375,0.0012245080500894608,0.0,0.2276,0.0532,0.09,healthy_pages
2026-10-03T02:03:54,loadgenerator,69.1796875,0.010893156424581043,0.0,0.1498,0.0651,0.0594,healthy_pages
2026-10-03T02:03:54,redis-cart,6.40234375,0.004299233057950756,0.0,0.1498,0.0651,0.0594,healthy_pages
2026-10-03T02:03:54,shippingservice,12.8828125,0.004242123215941864,0.0,0.1498,0.0651,0.0594,healthy_pages
2026-10-03T02:03:54,emailservice,36.9921875,0.009412293582707587,0.0,0.1498,0.0651,0.0594,healthy_pages
2026-10-03T02:03:54,productcatalogservice,14.16796875,0.020838503550244792,0.0,0.1498,0.0651,0.0594,healthy_pages
2026-10-03T02:03:54,frontend,13.55078125,0.06070404677820878,0.0,0.1498,0.0651,0.0594,healthy_pages
2026-10-03T02:03:54,checkoutservice,13.26953125,0.0022459424547921422,0.0,0.1498,0.0651,0.0594,healthy_pages
2026-10-03T02:03:54,currencyservice,39.12109375,0.021165660175650875,0.0,0.1498,0.0651,0.0594,healthy_pages
2026-10-03T02:03:54,recommendationservice,32.01171875,0.029439406099517784,4.0,0.1498,0.0651,0.0594,healthy_pages
2026-10-03T02:03:54,adservice,100.515625,0.004881229676536047,0.0,0.1498,0.0651,0.0594,healthy_pages
2026-10-03T02:03:54,cartservice,63.62109375,0.013372398368661512,0.0,0.1498,0.0651,0.0594,healthy_pages
2026-10-03T02:03:54,paymentservice,32.18359375,0.0010715400541487863,0.0,0.1498,0.0651,0.0594,healthy_pages
