time,service,memory_mb,cpu_cores,restarts,latency_s,label
2026-10-02T19:10:01,loadgenerator,58.296875,0.006079162963646953,0.0,0.0286,net_delay_paymentservice_1
2026-10-02T19:10:01,redis-cart,6.15234375,0.0037994134196432904,0.0,0.0286,net_delay_paymentservice_1
2026-10-02T19:10:01,shippingservice,13.33984375,0.0014214459335691637,0.0,0.0286,net_delay_paymentservice_1
2026-10-02T19:10:01,adservice,110.44140625,0.0019702018383694893,0.0,0.0286,net_delay_paymentservice_1
2026-10-02T19:10:01,emailservice,36.984375,0.007299999999999839,0.0,0.0286,net_delay_paymentservice_1
2026-10-02T19:10:01,paymentservice,39.2890625,0.000689968333360353,0.0,0.0286,net_delay_paymentservice_1
2026-10-02T19:10:01,productcatalogservice,12.89453125,0.012446889263742978,0.0,0.0286,net_delay_paymentservice_1
2026-10-02T19:10:01,currencyservice,34.7890625,0.01382178810590264,0.0,0.0286,net_delay_paymentservice_1
2026-10-02T19:10:01,cartservice,55.20703125,0.00813134247319104,0.0,0.0286,net_delay_paymentservice_1
2026-10-02T19:10:01,frontend,14.7109375,0.027881839289319636,0.0,0.0286,net_delay_paymentservice_1
2026-10-02T19:10:01,recommendationservice,32.98828125,0.014094266223149321,1.0,0.0286,net_delay_paymentservice_1
2026-10-02T19:10:01,checkoutservice,6.421875,0.0012757553426676488,0.0,0.0286,net_delay_paymentservice_1
2026-10-02T19:10:06,loadgenerator,58.29296875,0.008410175685172314,0.0,0.0686,net_delay_paymentservice_1
2026-10-02T19:10:06,redis-cart,6.15625,0.004344063845050302,0.0,0.0686,net_delay_paymentservice_1
2026-10-02T19:10:06,shippingservice,12.3828125,0.0019334623785622366,0.0,0.0686,net_delay_paymentservice_1
2026-10-02T19:10:06,adservice,110.2109375,0.0032125706214689268,0.0,0.0686,net_delay_paymentservice_1
2026-10-02T19:10:06,emailservice,37.47265625,0.007054358956251611,0.0,0.0686,net_delay_paymentservice_1
2026-10-02T19:10:06,paymentservice,39.22265625,0.0009463937421726998,0.0,0.0686,net_delay_paymentservice_1
2026-10-02T19:10:06,productcatalogservice,12.89453125,0.00992570269398704,0.0,0.0686,net_delay_paymentservice_1
2026-10-02T19:10:06,currencyservice,35.0625,0.014048717089667106,0.0,0.0686,net_delay_paymentservice_1
2026-10-02T19:10:06,cartservice,55.20703125,0.006827775339426388,0.0,0.0686,net_delay_paymentservice_1
2026-10-02T19:10:06,frontend,14.7109375,0.027881839289319636,0.0,0.0686,net_delay_paymentservice_1
2026-10-02T19:10:06,recommendationservice,32.98828125,0.01409426622314932,1.0,0.0686,net_delay_paymentservice_1
2026-10-02T19:10:06,checkoutservice,6.453125,0.0008045746255923088,0.0,0.0686,net_delay_paymentservice_1
2026-10-02T19:10:11,loadgenerator,58.29296875,0.008410175685172312,0.0,0.1017,net_delay_paymentservice_1
2026-10-02T19:10:11,redis-cart,6.15625,0.004344063845050302,0.0,0.1017,net_delay_paymentservice_1
2026-10-02T19:10:11,shippingservice,12.3828125,0.0019320530683290763,0.0,0.1017,net_delay_paymentservice_1
2026-10-02T19:10:11,adservice,110.2109375,0.0032125706214689268,0.0,0.1017,net_delay_paymentservice_1
2026-10-02T19:10:11,emailservice,37.47265625,0.006640748495158709,0.0,0.1017,net_delay_paymentservice_1
2026-10-02T19:10:11,paymentservice,39.22265625,0.0009611222668452944,0.0,0.1017,net_delay_paymentservice_1
2026-10-02T19:10:11,productcatalogservice,12.89453125,0.0071656000000000835,0.0,0.1017,net_delay_paymentservice_1
2026-10-02T19:10:11,currencyservice,35.0625,0.016794097130348466,0.0,0.1017,net_delay_paymentservice_1
2026-10-02T19:10:11,cartservice,55.20703125,0.006125769439240895,0.0,0.1017,net_delay_paymentservice_1
2026-10-02T19:10:11,frontend,14.7109375,0.023192113920856072,0.0,0.1017,net_delay_paymentservice_1
2026-10-02T19:10:11,recommendationservice,32.98828125,0.014094266223149321,1.0,0.1017,net_delay_paymentservice_1
2026-10-02T19:10:11,checkoutservice,6.453125,0.0009323296913549142,0.0,0.1017,net_delay_paymentservice_1
2026-10-02T19:10:17,loadgenerator,58.765625,0.007497487542837467,0.0,0.0552,net_delay_paymentservice_1
2026-10-02T19:10:17,redis-cart,6.15625,0.004344063845050302,0.0,0.0552,net_delay_paymentservice_1
2026-10-02T19:10:17,shippingservice,12.59765625,0.0020298195084485697,0.0,0.0552,net_delay_paymentservice_1
2026-10-02T19:10:17,adservice,110.19921875,0.003303504306969583,0.0,0.0552,net_delay_paymentservice_1
2026-10-02T19:10:17,emailservice,37.47265625,0.006640748495158709,0.0,0.0552,net_delay_paymentservice_1
2026-10-02T19:10:17,paymentservice,39.2265625,0.0009541433402755203,0.0,0.0552,net_delay_paymentservice_1
2026-10-02T19:10:17,productcatalogservice,13.15234375,0.013891805408526603,0.0,0.0552,net_delay_paymentservice_1
2026-10-02T19:10:17,currencyservice,34.58203125,0.01618999416001507,0.0,0.0552,net_delay_paymentservice_1
2026-10-02T19:10:17,cartservice,55.9453125,0.008872797427652863,0.0,0.0552,net_delay_paymentservice_1
2026-10-02T19:10:17,frontend,14.0234375,0.025062108672976008,0.0,0.0552,net_delay_paymentservice_1
2026-10-02T19:10:17,recommendationservice,32.73046875,0.014669672818791956,1.0,0.0552,net_delay_paymentservice_1
2026-10-02T19:10:17,checkoutservice,6.453125,0.0007908538403012023,0.0,0.0552,net_delay_paymentservice_1
2026-10-02T19:10:22,loadgenerator,58.765625,0.005893272951196593,0.0,0.268,net_delay_paymentservice_1
2026-10-02T19:10:22,redis-cart,6.15625,0.004234510639631549,0.0,0.268,net_delay_paymentservice_1
2026-10-02T19:10:22,shippingservice,12.59765625,0.00200227806994156,0.0,0.268,net_delay_paymentservice_1
2026-10-02T19:10:22,adservice,110.19921875,0.003303504306969583,0.0,0.268,net_delay_paymentservice_1
2026-10-02T19:10:22,emailservice,37.47265625,0.005303117282997767,0.0,0.268,net_delay_paymentservice_1
2026-10-02T19:10:22,paymentservice,39.2265625,0.0009927843183078695,0.0,0.268,net_delay_paymentservice_1
2026-10-02T19:10:22,productcatalogservice,13.15234375,0.011955364911274712,0.0,0.268,net_delay_paymentservice_1
2026-10-02T19:10:22,currencyservice,34.58203125,0.012679249999999698,0.0,0.268,net_delay_paymentservice_1
2026-10-02T19:10:22,cartservice,55.9453125,0.0076789871804216914,0.0,0.268,net_delay_paymentservice_1
2026-10-02T19:10:22,frontend,14.0234375,0.03044299208848214,0.0,0.268,net_delay_paymentservice_1
2026-10-02T19:10:22,recommendationservice,32.73046875,0.012709537633333332,1.0,0.268,net_delay_paymentservice_1
2026-10-02T19:10:22,checkoutservice,6.453125,0.00038419999999999844,0.0,0.268,net_delay_paymentservice_1
2026-10-02T19:10:27,loadgenerator,58.48828125,0.007193263294164489,0.0,0.0745,net_delay_paymentservice_1
2026-10-02T19:10:27,redis-cart,6.39453125,0.004145303157078479,0.0,0.0745,net_delay_paymentservice_1
2026-10-02T19:10:27,shippingservice,12.59765625,0.00200227806994156,0.0,0.0745,net_delay_paymentservice_1
2026-10-02T19:10:27,adservice,110.19921875,0.0036546062191222923,0.0,0.0745,net_delay_paymentservice_1
2026-10-02T19:10:27,emailservice,37.484375,0.006647617611580204,0.0,0.0745,net_delay_paymentservice_1
2026-10-02T19:10:27,paymentservice,39.2265625,0.0009927843183078695,0.0,0.0745,net_delay_paymentservice_1
2026-10-02T19:10:27,productcatalogservice,12.64453125,0.013128430272695987,0.0,0.0745,net_delay_paymentservice_1
2026-10-02T19:10:27,currencyservice,34.62890625,0.017834797052197218,0.0,0.0745,net_delay_paymentservice_1
2026-10-02T19:10:27,cartservice,55.71875,0.009032117011323114,0.0,0.0745,net_delay_paymentservice_1
2026-10-02T19:10:27,frontend,14.0234375,0.025655747018701408,0.0,0.0745,net_delay_paymentservice_1
2026-10-02T19:10:27,recommendationservice,32.98828125,0.014112144816236953,1.0,0.0745,net_delay_paymentservice_1
2026-10-02T19:10:27,checkoutservice,6.96484375,0.001072019498933651,0.0,0.0745,net_delay_paymentservice_1
2026-10-02T19:10:32,loadgenerator,58.48828125,0.007193263294164489,0.0,0.0736,net_delay_paymentservice_1
2026-10-02T19:10:32,redis-cart,6.39453125,0.004145303157078479,0.0,0.0736,net_delay_paymentservice_1
2026-10-02T19:10:32,shippingservice,12.59765625,0.0015743176243780636,0.0,0.0736,net_delay_paymentservice_1
2026-10-02T19:10:32,adservice,110.19921875,0.0036546062191222923,0.0,0.0736,net_delay_paymentservice_1
2026-10-02T19:10:32,emailservice,37.484375,0.006647617611580204,0.0,0.0736,net_delay_paymentservice_1
2026-10-02T19:10:32,paymentservice,39.2265625,0.0009927843183078695,0.0,0.0736,net_delay_paymentservice_1
2026-10-02T19:10:32,productcatalogservice,12.64453125,0.013128430272695987,0.0,0.0736,net_delay_paymentservice_1
2026-10-02T19:10:32,currencyservice,34.62890625,0.01828474637974249,0.0,0.0736,net_delay_paymentservice_1
2026-10-02T19:10:32,cartservice,55.71875,0.00944907691929486,0.0,0.0736,net_delay_paymentservice_1
2026-10-02T19:10:32,frontend,14.0234375,0.023051349045531765,0.0,0.0736,net_delay_paymentservice_1
2026-10-02T19:10:32,recommendationservice,32.98828125,0.014112144816236955,1.0,0.0736,net_delay_paymentservice_1
2026-10-02T19:10:32,checkoutservice,6.96484375,0.001072019498933651,0.0,0.0736,net_delay_paymentservice_1
2026-10-02T19:10:37,loadgenerator,58.48828125,0.005983676108676874,0.0,0.0725,net_delay_paymentservice_1
2026-10-02T19:10:37,redis-cart,6.16015625,0.004145246460786178,0.0,0.0725,net_delay_paymentservice_1
2026-10-02T19:10:37,shippingservice,12.35546875,0.0018216118188252028,0.0,0.0725,net_delay_paymentservice_1
2026-10-02T19:10:37,adservice,110.328125,0.0033967643820790156,0.0,0.0725,net_delay_paymentservice_1
2026-10-02T19:10:37,emailservice,37.73828125,0.0067026144370885415,0.0,0.0725,net_delay_paymentservice_1
2026-10-02T19:10:37,paymentservice,39.25390625,0.0008748869738516869,0.0,0.0725,net_delay_paymentservice_1
2026-10-02T19:10:37,productcatalogservice,12.64453125,0.013317757794772598,0.0,0.0725,net_delay_paymentservice_1
2026-10-02T19:10:37,currencyservice,34.9921875,0.016699741096965117,0.0,0.0725,net_delay_paymentservice_1
2026-10-02T19:10:37,cartservice,55.98828125,0.009090725170295182,0.0,0.0725,net_delay_paymentservice_1
2026-10-02T19:10:37,frontend,13.9765625,0.029103377079526302,0.0,0.0725,net_delay_paymentservice_1
2026-10-02T19:10:37,recommendationservice,32.98828125,0.009786900000000022,1.0,0.0725,net_delay_paymentservice_1
2026-10-02T19:10:37,checkoutservice,6.85546875,0.001095007057163021,0.0,0.0725,net_delay_paymentservice_1
2026-10-02T19:10:42,loadgenerator,58.48828125,0.003470424999999721,0.0,0.0915,net_delay_paymentservice_1
2026-10-02T19:10:42,redis-cart,6.16015625,0.004145246460786178,0.0,0.0915,net_delay_paymentservice_1
2026-10-02T19:10:42,shippingservice,12.35546875,0.0015304087736789974,0.0,0.0915,net_delay_paymentservice_1
2026-10-02T19:10:42,adservice,110.328125,0.003054586624255264,0.0,0.0915,net_delay_paymentservice_1
2026-10-02T19:10:42,emailservice,37.73828125,0.006839651639344319,0.0,0.0915,net_delay_paymentservice_1
2026-10-02T19:10:42,paymentservice,39.25390625,0.0007931176422160506,0.0,0.0915,net_delay_paymentservice_1
2026-10-02T19:10:42,productcatalogservice,12.64453125,0.013317757794772598,0.0,0.0915,net_delay_paymentservice_1
2026-10-02T19:10:42,currencyservice,34.9921875,0.017229459504329032,0.0,0.0915,net_delay_paymentservice_1
2026-10-02T19:10:42,cartservice,55.98828125,0.00906626976829715,0.0,0.0915,net_delay_paymentservice_1
2026-10-02T19:10:42,frontend,13.9765625,0.024534066035326565,0.0,0.0915,net_delay_paymentservice_1
2026-10-02T19:10:42,recommendationservice,32.98828125,0.010612838124977524,1.0,0.0915,net_delay_paymentservice_1
2026-10-02T19:10:42,checkoutservice,6.85546875,0.001095007057163021,0.0,0.0915,net_delay_paymentservice_1
2026-10-02T19:10:48,loadgenerator,58.51171875,0.006505895998453421,0.0,0.0801,net_delay_paymentservice_1
2026-10-02T19:10:48,redis-cart,6.16015625,0.0034400617218784397,0.0,0.0801,net_delay_paymentservice_1
2026-10-02T19:10:48,shippingservice,12.10546875,0.0015230836907512211,0.0,0.0801,net_delay_paymentservice_1
2026-10-02T19:10:48,adservice,110.09375,0.0029624130324111685,0.0,0.0801,net_delay_paymentservice_1
2026-10-02T19:10:48,emailservice,37.73828125,0.006839651639344319,0.0,0.0801,net_delay_paymentservice_1
2026-10-02T19:10:48,paymentservice,39.25390625,0.0007931176422160506,0.0,0.0801,net_delay_paymentservice_1
2026-10-02T19:10:48,productcatalogservice,12.3984375,0.011221473520075732,0.0,0.0801,net_delay_paymentservice_1
2026-10-02T19:10:48,currencyservice,34.76171875,0.018549587085684185,0.0,0.0801,net_delay_paymentservice_1
2026-10-02T19:10:48,cartservice,55.98828125,0.00906626976829715,0.0,0.0801,net_delay_paymentservice_1
2026-10-02T19:10:48,frontend,13.55859375,0.02766382293762567,0.0,0.0801,net_delay_paymentservice_1
2026-10-02T19:10:48,recommendationservice,32.734375,0.013278465213368047,1.0,0.0801,net_delay_paymentservice_1
2026-10-02T19:10:48,checkoutservice,6.85546875,0.001095007057163021,0.0,0.0801,net_delay_paymentservice_1
2026-10-02T19:10:53,loadgenerator,58.51171875,0.006505895998453421,0.0,0.0412,net_delay_paymentservice_1
2026-10-02T19:10:53,redis-cart,6.16015625,0.0033877572703698774,0.0,0.0412,net_delay_paymentservice_1
2026-10-02T19:10:53,shippingservice,12.10546875,0.0015230836907512211,0.0,0.0412,net_delay_paymentservice_1
2026-10-02T19:10:53,adservice,110.09375,0.0029624130324111685,0.0,0.0412,net_delay_paymentservice_1
2026-10-02T19:10:53,emailservice,37.73828125,0.0058713480523666,0.0,0.0412,net_delay_paymentservice_1
2026-10-02T19:10:53,paymentservice,39.25390625,0.0007931176422160506,0.0,0.0412,net_delay_paymentservice_1
2026-10-02T19:10:53,productcatalogservice,12.3984375,0.011221473520075732,0.0,0.0412,net_delay_paymentservice_1
2026-10-02T19:10:53,currencyservice,34.76171875,0.01727575750165075,0.0,0.0412,net_delay_paymentservice_1
2026-10-02T19:10:53,cartservice,55.98828125,0.00700395903292862,0.0,0.0412,net_delay_paymentservice_1
2026-10-02T19:10:53,frontend,13.55859375,0.027663822937625666,0.0,0.0412,net_delay_paymentservice_1
2026-10-02T19:10:53,recommendationservice,32.734375,0.013278465213368047,1.0,0.0412,net_delay_paymentservice_1
2026-10-02T19:10:53,checkoutservice,6.85546875,0.0013488145789101213,0.0,0.0412,net_delay_paymentservice_1
2026-10-02T19:10:58,loadgenerator,58.28125,0.007175333141809052,0.0,0.118,net_delay_paymentservice_1
2026-10-02T19:10:58,redis-cart,6.39453125,0.004275308929820506,0.0,0.118,net_delay_paymentservice_1
2026-10-02T19:10:58,shippingservice,12.10546875,0.0015108570677706172,0.0,0.118,net_delay_paymentservice_1
2026-10-02T19:10:58,adservice,110.09375,0.002826912549609726,0.0,0.118,net_delay_paymentservice_1
2026-10-02T19:10:58,emailservice,36.98046875,0.006977988822290278,0.0,0.118,net_delay_paymentservice_1
2026-10-02T19:10:58,paymentservice,39.28515625,0.0007333144885203239,0.0,0.118,net_delay_paymentservice_1
2026-10-02T19:10:58,productcatalogservice,12.63671875,0.011554703905921896,0.0,0.118,net_delay_paymentservice_1
2026-10-02T19:10:58,currencyservice,34.34375,0.01722534907309547,0.0,0.118,net_delay_paymentservice_1
2026-10-02T19:10:58,cartservice,55.78125,0.008947140524809062,0.0,0.118,net_delay_paymentservice_1
2026-10-02T19:10:58,frontend,13.55859375,0.0260762094102053,0.0,0.118,net_delay_paymentservice_1
2026-10-02T19:10:58,recommendationservice,33.234375,0.012605780166358157,1.0,0.118,net_delay_paymentservice_1
2026-10-02T19:10:58,checkoutservice,7.12890625,0.001605992246873564,0.0,0.118,net_delay_paymentservice_1
2026-10-02T19:11:03,loadgenerator,58.28125,0.007175333141809051,0.0,0.0501,net_delay_paymentservice_1
2026-10-02T19:11:03,redis-cart,6.39453125,0.004275308929820506,0.0,0.0501,net_delay_paymentservice_1
2026-10-02T19:11:03,shippingservice,12.10546875,0.0011958748453293555,0.0,0.0501,net_delay_paymentservice_1
2026-10-02T19:11:03,adservice,110.09375,0.002218890775397834,0.0,0.0501,net_delay_paymentservice_1
2026-10-02T19:11:03,emailservice,36.98046875,0.006977988822290278,0.0,0.0501,net_delay_paymentservice_1
2026-10-02T19:11:03,paymentservice,39.28515625,0.0007333144885203239,0.0,0.0501,net_delay_paymentservice_1
2026-10-02T19:11:03,productcatalogservice,12.63671875,0.011554703905921896,0.0,0.0501,net_delay_paymentservice_1
2026-10-02T19:11:03,currencyservice,34.34375,0.015384226647791863,0.0,0.0501,net_delay_paymentservice_1
2026-10-02T19:11:03,cartservice,55.78125,0.008947140524809062,0.0,0.0501,net_delay_paymentservice_1
2026-10-02T19:11:03,frontend,13.55859375,0.021643471112215488,0.0,0.0501,net_delay_paymentservice_1
2026-10-02T19:11:03,recommendationservice,33.234375,0.012605780166358157,1.0,0.0501,net_delay_paymentservice_1
2026-10-02T19:11:03,checkoutservice,7.12890625,0.0010738500000000012,0.0,0.0501,net_delay_paymentservice_1
2026-10-02T19:11:08,loadgenerator,58.28125,0.007175333141809052,0.0,0.0885,net_delay_paymentservice_1
2026-10-02T19:11:08,redis-cart,6.39453125,0.003429147809584785,0.0,0.0885,net_delay_paymentservice_1
2026-10-02T19:11:08,shippingservice,12.1015625,0.001466757555101092,0.0,0.0885,net_delay_paymentservice_1
2026-10-02T19:11:08,adservice,110.578125,0.002982855453739125,0.0,0.0885,net_delay_paymentservice_1
2026-10-02T19:11:08,emailservice,37.46484375,0.006782404342645402,0.0,0.0885,net_delay_paymentservice_1
2026-10-02T19:11:08,paymentservice,40.01953125,0.000865318604506042,0.0,0.0885,net_delay_paymentservice_1
2026-10-02T19:11:08,productcatalogservice,12.39453125,0.012006818619892237,0.0,0.0885,net_delay_paymentservice_1
2026-10-02T19:11:08,currencyservice,35.1484375,0.011991187500000205,0.0,0.0885,net_delay_paymentservice_1
2026-10-02T19:11:08,cartservice,55.78125,0.007051182371873079,0.0,0.0885,net_delay_paymentservice_1
2026-10-02T19:11:08,frontend,14.3125,0.02806729101630248,0.0,0.0885,net_delay_paymentservice_1
2026-10-02T19:11:08,recommendationservice,33.234375,0.010445059578720776,1.0,0.0885,net_delay_paymentservice_1
2026-10-02T19:11:08,checkoutservice,6.63671875,0.0012599522292993644,0.0,0.0885,net_delay_paymentservice_1
2026-10-02T19:11:13,loadgenerator,58.28125,0.005937991825880718,0.0,0.0757,net_delay_paymentservice_1
2026-10-02T19:11:13,redis-cart,6.39453125,0.00304606525796579,0.0,0.0757,net_delay_paymentservice_1
2026-10-02T19:11:13,shippingservice,12.1015625,0.0012117570550026749,0.0,0.0757,net_delay_paymentservice_1
2026-10-02T19:11:13,adservice,110.578125,0.002982855453739125,0.0,0.0757,net_delay_paymentservice_1
2026-10-02T19:11:13,emailservice,37.46484375,0.006782404342645402,0.0,0.0757,net_delay_paymentservice_1
2026-10-02T19:11:13,paymentservice,40.01953125,0.000865318604506042,0.0,0.0757,net_delay_paymentservice_1
2026-10-02T19:11:13,productcatalogservice,12.39453125,0.012006818619892237,0.0,0.0757,net_delay_paymentservice_1
2026-10-02T19:11:13,currencyservice,35.1484375,0.011991187500000205,0.0,0.0757,net_delay_paymentservice_1
2026-10-02T19:11:13,cartservice,55.78125,0.006306569980359633,0.0,0.0757,net_delay_paymentservice_1
2026-10-02T19:11:13,frontend,14.3125,0.029680355266927774,0.0,0.0757,net_delay_paymentservice_1
2026-10-02T19:11:13,recommendationservice,33.234375,0.009352493465559645,1.0,0.0757,net_delay_paymentservice_1
2026-10-02T19:11:13,checkoutservice,6.63671875,0.0010500231886942685,0.0,0.0757,net_delay_paymentservice_1
2026-10-02T19:11:18,loadgenerator,58.49609375,0.007308994457982188,0.0,0.074,net_delay_paymentservice_1
2026-10-02T19:11:18,redis-cart,5.90234375,0.004184473341408467,0.0,0.074,net_delay_paymentservice_1
2026-10-02T19:11:18,shippingservice,12.35546875,0.0017046474030557772,0.0,0.074,net_delay_paymentservice_1
2026-10-02T19:11:18,adservice,110.578125,0.0018725499999998618,0.0,0.074,net_delay_paymentservice_1
2026-10-02T19:11:18,emailservice,37.46484375,0.005755069118814183,0.0,0.074,net_delay_paymentservice_1
2026-10-02T19:11:18,paymentservice,40.01953125,0.0007042000000000216,0.0,0.074,net_delay_paymentservice_1
2026-10-02T19:11:18,productcatalogservice,12.39453125,0.012006818619892237,0.0,0.074,net_delay_paymentservice_1
2026-10-02T19:11:18,currencyservice,35.1484375,0.014372709301798833,0.0,0.074,net_delay_paymentservice_1
2026-10-02T19:11:18,cartservice,54.9765625,0.00853379726176463,0.0,0.074,net_delay_paymentservice_1
2026-10-02T19:11:18,frontend,13.484375,0.028713202014406865,0.0,0.074,net_delay_paymentservice_1
2026-10-02T19:11:18,recommendationservice,32.7109375,0.012615850350469856,1.0,0.074,net_delay_paymentservice_1
2026-10-02T19:11:18,checkoutservice,6.953125,0.0016866506650304101,0.0,0.074,net_delay_paymentservice_1
2026-10-02T19:11:24,loadgenerator,58.49609375,0.006140363163525663,0.0,0.0795,net_delay_paymentservice_1
2026-10-02T19:11:24,redis-cart,5.90234375,0.003442247970223622,0.0,0.0795,net_delay_paymentservice_1
2026-10-02T19:11:24,shippingservice,12.35546875,0.0017046474030557772,0.0,0.0795,net_delay_paymentservice_1
2026-10-02T19:11:24,adservice,110.578125,0.0020214347655723433,0.0,0.0795,net_delay_paymentservice_1
2026-10-02T19:11:24,emailservice,37.46484375,0.005273072197938708,0.0,0.0795,net_delay_paymentservice_1
2026-10-02T19:11:24,paymentservice,40.01953125,0.0007625346863993972,0.0,0.0795,net_delay_paymentservice_1
2026-10-02T19:11:24,productcatalogservice,12.39453125,0.006998800000000216,0.0,0.0795,net_delay_paymentservice_1
2026-10-02T19:11:24,currencyservice,35.1484375,0.012981631434269291,0.0,0.0795,net_delay_paymentservice_1
2026-10-02T19:11:24,cartservice,54.9765625,0.007178647814380247,0.0,0.0795,net_delay_paymentservice_1
2026-10-02T19:11:24,frontend,13.484375,0.028713202014406865,0.0,0.0795,net_delay_paymentservice_1
2026-10-02T19:11:24,recommendationservice,32.7109375,0.008894750000000062,1.0,0.0795,net_delay_paymentservice_1
2026-10-02T19:11:24,checkoutservice,6.953125,0.0019546945007634362,0.0,0.0795,net_delay_paymentservice_1
2026-10-02T19:11:29,loadgenerator,58.49609375,0.005514381207453219,0.0,0.072,net_delay_paymentservice_1
2026-10-02T19:11:29,redis-cart,6.15234375,0.004245860065892124,0.0,0.072,net_delay_paymentservice_1
2026-10-02T19:11:29,shippingservice,12.35546875,0.0015034253293391415,0.0,0.072,net_delay_paymentservice_1
2026-10-02T19:11:29,adservice,110.08203125,0.003047069042420802,0.0,0.072,net_delay_paymentservice_1
2026-10-02T19:11:29,emailservice,36.98828125,0.007070949780490189,0.0,0.072,net_delay_paymentservice_1
2026-10-02T19:11:29,paymentservice,40.1875,0.0010200475705062688,0.0,0.072,net_delay_paymentservice_1
2026-10-02T19:11:29,productcatalogservice,14.23828125,0.013204450840314718,0.0,0.072,net_delay_paymentservice_1
2026-10-02T19:11:29,currencyservice,35.50390625,0.014541844876771971,0.0,0.072,net_delay_paymentservice_1
2026-10-02T19:11:29,cartservice,54.984375,0.008799622449412485,0.0,0.072,net_delay_paymentservice_1
2026-10-02T19:11:29,frontend,13.99609375,0.025853400167400575,0.0,0.072,net_delay_paymentservice_1
2026-10-02T19:11:29,recommendationservice,33.23046875,0.013048645631197031,1.0,0.072,net_delay_paymentservice_1
2026-10-02T19:11:29,checkoutservice,6.953125,0.0019546945007634362,0.0,0.072,net_delay_paymentservice_1
2026-10-02T19:11:34,loadgenerator,58.49609375,0.004887181861345629,0.0,0.0625,net_delay_paymentservice_1
2026-10-02T19:11:34,redis-cart,6.15234375,0.004245860065892125,0.0,0.0625,net_delay_paymentservice_1
2026-10-02T19:11:34,shippingservice,12.35546875,0.001347991680681032,0.0,0.0625,net_delay_paymentservice_1
2026-10-02T19:11:34,adservice,110.08203125,0.0026272199539171606,0.0,0.0625,net_delay_paymentservice_1
2026-10-02T19:11:34,emailservice,36.98828125,0.007070949780490189,0.0,0.0625,net_delay_paymentservice_1
2026-10-02T19:11:34,paymentservice,40.1875,0.0010200475705062688,0.0,0.0625,net_delay_paymentservice_1
2026-10-02T19:11:34,productcatalogservice,14.23828125,0.013204450840314718,0.0,0.0625,net_delay_paymentservice_1
2026-10-02T19:11:34,currencyservice,35.50390625,0.011469104166666947,0.0,0.0625,net_delay_paymentservice_1
2026-10-02T19:11:34,cartservice,54.984375,0.008799622449412483,0.0,0.0625,net_delay_paymentservice_1
2026-10-02T19:11:34,frontend,13.99609375,0.030597852120837425,0.0,0.0625,net_delay_paymentservice_1
2026-10-02T19:11:34,recommendationservice,33.23046875,0.010744001089062585,1.0,0.0625,net_delay_paymentservice_1
2026-10-02T19:11:34,checkoutservice,6.953125,0.0015482646466921989,0.0,0.0625,net_delay_paymentservice_1
2026-10-02T19:11:39,loadgenerator,58.30078125,0.007351892330752521,0.0,0.1127,net_delay_paymentservice_1
2026-10-02T19:11:39,redis-cart,6.15234375,0.0034065766823368365,0.0,0.1127,net_delay_paymentservice_1
2026-10-02T19:11:39,shippingservice,13.09375,0.0018358242651373535,0.0,0.1127,net_delay_paymentservice_1
2026-10-02T19:11:39,adservice,110.109375,0.0033262053331463595,0.0,0.1127,net_delay_paymentservice_1
2026-10-02T19:11:39,emailservice,36.73828125,0.0072776500513628,0.0,0.1127,net_delay_paymentservice_1
2026-10-02T19:11:39,paymentservice,39.703125,0.0010370844544745628,0.0,0.1127,net_delay_paymentservice_1
2026-10-02T19:11:39,productcatalogservice,12.484375,0.012737885683353616,0.0,0.1127,net_delay_paymentservice_1
2026-10-02T19:11:39,currencyservice,34.265625,0.01343608145428711,0.0,0.1127,net_delay_paymentservice_1
2026-10-02T19:11:39,cartservice,55.5078125,0.008738543484249912,0.0,0.1127,net_delay_paymentservice_1
2026-10-02T19:11:39,frontend,13.796875,0.028960468045341976,0.0,0.1127,net_delay_paymentservice_1
2026-10-02T19:11:39,recommendationservice,32.23046875,0.01331665021327323,1.0,0.1127,net_delay_paymentservice_1
2026-10-02T19:11:39,checkoutservice,6.69140625,0.001505176714198315,0.0,0.1127,net_delay_paymentservice_1
2026-10-02T19:11:44,loadgenerator,58.30078125,0.006117754671496865,0.0,0.1382,net_delay_paymentservice_1
2026-10-02T19:11:44,redis-cart,6.15234375,0.003050666955293679,0.0,0.1382,net_delay_paymentservice_1
2026-10-02T19:11:44,shippingservice,13.09375,0.0017211603195009563,0.0,0.1382,net_delay_paymentservice_1
2026-10-02T19:11:44,adservice,110.109375,0.002691618109648802,0.0,0.1382,net_delay_paymentservice_1
2026-10-02T19:11:44,emailservice,36.73828125,0.007277650051362799,0.0,0.1382,net_delay_paymentservice_1
2026-10-02T19:11:44,paymentservice,39.703125,0.0010370844544745628,0.0,0.1382,net_delay_paymentservice_1
2026-10-02T19:11:44,productcatalogservice,12.484375,0.01278720561653509,0.0,0.1382,net_delay_paymentservice_1
2026-10-02T19:11:44,currencyservice,34.265625,0.012041442335777648,0.0,0.1382,net_delay_paymentservice_1
2026-10-02T19:11:44,cartservice,55.5078125,0.008738543484249912,0.0,0.1382,net_delay_paymentservice_1
2026-10-02T19:11:44,frontend,13.796875,0.028960468045341976,0.0,0.1382,net_delay_paymentservice_1
2026-10-02T19:11:44,recommendationservice,32.23046875,0.013158350151947464,1.0,0.1382,net_delay_paymentservice_1
2026-10-02T19:11:44,checkoutservice,6.69140625,0.0015051767141983153,0.0,0.1382,net_delay_paymentservice_1
2026-10-02T19:11:49,loadgenerator,58.5703125,0.0075999080920753515,0.0,0.0771,net_delay_paymentservice_1
2026-10-02T19:11:49,redis-cart,6.40234375,0.004542008944146491,0.0,0.0771,net_delay_paymentservice_1
2026-10-02T19:11:49,shippingservice,13.09375,0.0015466281730404186,0.0,0.0771,net_delay_paymentservice_1
2026-10-02T19:11:49,adservice,110.859375,0.003340272363428593,0.0,0.0771,net_delay_paymentservice_1
2026-10-02T19:11:49,emailservice,37.234375,0.007497736859338542,0.0,0.0771,net_delay_paymentservice_1
2026-10-02T19:11:49,paymentservice,39.703125,0.0008265091193810827,0.0,0.0771,net_delay_paymentservice_1
2026-10-02T19:11:49,productcatalogservice,12.484375,0.010520069580739021,0.0,0.0771,net_delay_paymentservice_1
2026-10-02T19:11:49,currencyservice,34.90625,0.015482178790332136,0.0,0.0771,net_delay_paymentservice_1
2026-10-02T19:11:49,cartservice,55.5078125,0.007431305926469926,0.0,0.0771,net_delay_paymentservice_1
2026-10-02T19:11:49,frontend,13.796875,0.023042957577204683,0.0,0.0771,net_delay_paymentservice_1
2026-10-02T19:11:49,recommendationservice,32.23046875,0.011149618348334752,1.0,0.0771,net_delay_paymentservice_1
2026-10-02T19:11:49,checkoutservice,6.70703125,0.0019459518408654689,0.0,0.0771,net_delay_paymentservice_1
2026-10-02T19:11:55,loadgenerator,58.5703125,0.007622733215848825,0.0,0.1944,net_delay_paymentservice_1
2026-10-02T19:11:55,redis-cart,6.40234375,0.0038143980363314896,0.0,0.1944,net_delay_paymentservice_1
2026-10-02T19:11:55,shippingservice,13.09375,0.0013672280537022025,0.0,0.1944,net_delay_paymentservice_1
2026-10-02T19:11:55,adservice,110.859375,0.0026575763635498448,0.0,0.1944,net_delay_paymentservice_1
2026-10-02T19:11:55,emailservice,37.234375,0.007684817687009081,0.0,0.1944,net_delay_paymentservice_1
2026-10-02T19:11:55,paymentservice,39.703125,0.0007395819516090264,0.0,0.1944,net_delay_paymentservice_1
2026-10-02T19:11:55,productcatalogservice,12.484375,0.009526630620206998,0.0,0.1944,net_delay_paymentservice_1
2026-10-02T19:11:55,currencyservice,34.90625,0.013531262990054553,0.0,0.1944,net_delay_paymentservice_1
2026-10-02T19:11:55,cartservice,55.5078125,0.006840570580440714,0.0,0.1944,net_delay_paymentservice_1
2026-10-02T19:11:55,frontend,13.796875,0.02063127242365241,0.0,0.1944,net_delay_paymentservice_1
2026-10-02T19:11:55,recommendationservice,32.23046875,0.010234780931961594,1.0,0.1944,net_delay_paymentservice_1
2026-10-02T19:11:55,checkoutservice,6.70703125,0.0019459518408654689,0.0,0.1944,net_delay_paymentservice_1
2026-10-02T19:12:00,loadgenerator,58.5703125,0.007622733215848825,0.0,0.0914,net_delay_paymentservice_1
2026-10-02T19:12:00,redis-cart,6.15625,0.0044175678553678615,0.0,0.0914,net_delay_paymentservice_1
2026-10-02T19:12:00,shippingservice,12.35546875,0.0016103953536365878,0.0,0.0914,net_delay_paymentservice_1
2026-10-02T19:12:00,adservice,110.19140625,0.0028776520123773293,0.0,0.0914,net_delay_paymentservice_1
2026-10-02T19:12:00,emailservice,37.234375,0.007684817687009081,0.0,0.0914,net_delay_paymentservice_1
2026-10-02T19:12:00,paymentservice,39.703125,0.0010075346662733252,0.0,0.0914,net_delay_paymentservice_1
2026-10-02T19:12:00,productcatalogservice,15.171875,0.013323635973844755,0.0,0.0914,net_delay_paymentservice_1
2026-10-02T19:12:00,currencyservice,34.625,0.015541096771427357,0.0,0.0914,net_delay_paymentservice_1
2026-10-02T19:12:00,cartservice,55.5,0.009465012253443837,0.0,0.0914,net_delay_paymentservice_1
2026-10-02T19:12:00,frontend,13.3515625,0.028641460947538087,0.0,0.0914,net_delay_paymentservice_1
2026-10-02T19:12:00,recommendationservice,32.25,0.013922966320612136,1.0,0.0914,net_delay_paymentservice_1
2026-10-02T19:12:00,checkoutservice,6.70703125,0.0012816601951962628,0.0,0.0914,net_delay_paymentservice_1
2026-10-02T19:12:05,loadgenerator,58.75,0.007618491693184716,0.0,0.0602,net_delay_paymentservice_1
2026-10-02T19:12:05,redis-cart,6.15625,0.00367749025835372,0.0,0.0602,net_delay_paymentservice_1
2026-10-02T19:12:05,shippingservice,12.3515625,0.0017327217809598354,0.0,0.0602,net_delay_paymentservice_1
2026-10-02T19:12:05,adservice,110.19140625,0.0033979431851397074,0.0,0.0602,net_delay_paymentservice_1
2026-10-02T19:12:05,emailservice,36.98046875,0.006448699948000886,0.0,0.0602,net_delay_paymentservice_1
2026-10-02T19:12:05,paymentservice,40.47265625,0.0010235860104167759,0.0,0.0602,net_delay_paymentservice_1
2026-10-02T19:12:05,productcatalogservice,13.23828125,0.012136882141228794,0.0,0.0602,net_delay_paymentservice_1
2026-10-02T19:12:05,currencyservice,34.625,0.015541096771427357,0.0,0.0602,net_delay_paymentservice_1
2026-10-02T19:12:05,cartservice,55.5,0.0063503250000000126,0.0,0.0602,net_delay_paymentservice_1
2026-10-02T19:12:05,frontend,13.8046875,0.030350462487152976,0.0,0.0602,net_delay_paymentservice_1
2026-10-02T19:12:05,recommendationservice,32.25,0.011517541839287715,1.0,0.0602,net_delay_paymentservice_1
2026-10-02T19:12:05,checkoutservice,7.0,0.0020028881028075047,0.0,0.0602,net_delay_paymentservice_1
2026-10-02T19:12:10,loadgenerator,58.75,0.007853626414976134,0.0,0.0712,net_delay_paymentservice_1
2026-10-02T19:12:10,redis-cart,6.15625,0.0032651301943735895,0.0,0.0712,net_delay_paymentservice_1
2026-10-02T19:12:10,shippingservice,12.3515625,0.0017327217809598354,0.0,0.0712,net_delay_paymentservice_1
2026-10-02T19:12:10,adservice,110.19140625,0.002779508086713211,0.0,0.0712,net_delay_paymentservice_1
2026-10-02T19:12:10,emailservice,36.98046875,0.006569132044206576,0.0,0.0712,net_delay_paymentservice_1
2026-10-02T19:12:10,paymentservice,40.47265625,0.001222630208333464,0.0,0.0712,net_delay_paymentservice_1
2026-10-02T19:12:10,productcatalogservice,13.23828125,0.014416584686997408,0.0,0.0712,net_delay_paymentservice_1
2026-10-02T19:12:10,currencyservice,34.625,0.012481897095973542,0.0,0.0712,net_delay_paymentservice_1
2026-10-02T19:12:10,cartservice,55.5,0.007104745546199772,0.0,0.0712,net_delay_paymentservice_1
2026-10-02T19:12:10,frontend,13.8046875,0.030350462487152976,0.0,0.0712,net_delay_paymentservice_1
2026-10-02T19:12:10,recommendationservice,32.25,0.010704634121007526,1.0,0.0712,net_delay_paymentservice_1
2026-10-02T19:12:10,checkoutservice,7.0,0.0020028881028075047,0.0,0.0712,net_delay_paymentservice_1
2026-10-02T19:12:15,loadgenerator,58.8046875,0.007724065226655667,0.0,0.066,net_delay_paymentservice_1
2026-10-02T19:12:15,redis-cart,6.3984375,0.004395008735790772,0.0,0.066,net_delay_paymentservice_1
2026-10-02T19:12:15,shippingservice,12.1015625,0.0015228103339635073,0.0,0.066,net_delay_paymentservice_1
2026-10-02T19:12:15,adservice,109.97265625,0.0033841285198847005,0.0,0.066,net_delay_paymentservice_1
2026-10-02T19:12:15,emailservice,36.98046875,0.007745249809144386,0.0,0.066,net_delay_paymentservice_1
2026-10-02T19:12:15,paymentservice,39.9921875,0.001342280450516714,0.0,0.066,net_delay_paymentservice_1
2026-10-02T19:12:15,productcatalogservice,13.23828125,0.014416584686997408,0.0,0.066,net_delay_paymentservice_1
2026-10-02T19:12:15,currencyservice,34.921875,0.014451475656007544,0.0,0.066,net_delay_paymentservice_1
2026-10-02T19:12:15,cartservice,55.234375,0.010037174066243968,0.0,0.066,net_delay_paymentservice_1
2026-10-02T19:12:15,frontend,13.8046875,0.02964790164093132,0.0,0.066,net_delay_paymentservice_1
2026-10-02T19:12:15,recommendationservice,33.46484375,0.014938490730126075,1.0,0.066,net_delay_paymentservice_1
2026-10-02T19:12:15,checkoutservice,6.77734375,0.0024420150053590557,0.0,0.066,net_delay_paymentservice_1
2026-10-02T19:12:20,loadgenerator,58.8046875,0.007724065226655667,0.0,0.4308,net_delay_paymentservice_1
2026-10-02T19:12:20,redis-cart,6.3984375,0.004395008735790772,0.0,0.4308,net_delay_paymentservice_1
2026-10-02T19:12:20,shippingservice,12.1015625,0.0015228103339635073,0.0,0.4308,net_delay_paymentservice_1
2026-10-02T19:12:20,adservice,109.97265625,0.0027687929023164654,0.0,0.4308,net_delay_paymentservice_1
2026-10-02T19:12:20,emailservice,36.98046875,0.007745249809144386,0.0,0.4308,net_delay_paymentservice_1
2026-10-02T19:12:20,paymentservice,39.9921875,0.001342280450516714,0.0,0.4308,net_delay_paymentservice_1
2026-10-02T19:12:20,productcatalogservice,13.23828125,0.011837738008973595,0.0,0.4308,net_delay_paymentservice_1
2026-10-02T19:12:20,currencyservice,34.921875,0.014110289723556418,0.0,0.4308,net_delay_paymentservice_1
2026-10-02T19:12:20,cartservice,55.234375,0.010037174066243968,0.0,0.4308,net_delay_paymentservice_1
2026-10-02T19:12:20,frontend,13.8046875,0.02506252423103195,0.0,0.4308,net_delay_paymentservice_1
2026-10-02T19:12:20,recommendationservice,33.46484375,0.01540126281642819,1.0,0.4308,net_delay_paymentservice_1
2026-10-02T19:12:20,checkoutservice,6.77734375,0.0024420150053590557,0.0,0.4308,net_delay_paymentservice_1
2026-10-02T19:12:26,loadgenerator,58.8046875,0.007724065226655668,0.0,0.0788,net_delay_paymentservice_1
2026-10-02T19:12:26,redis-cart,6.3984375,0.003468197771408127,0.0,0.0788,net_delay_paymentservice_1
2026-10-02T19:12:26,shippingservice,12.1015625,0.0015228103339635073,0.0,0.0788,net_delay_paymentservice_1
2026-10-02T19:12:26,adservice,110.1875,0.0031748162352189606,0.0,0.0788,net_delay_paymentservice_1
2026-10-02T19:12:26,emailservice,36.74609375,0.007793939988232992,0.0,0.0788,net_delay_paymentservice_1
2026-10-02T19:12:26,paymentservice,39.9921875,0.0014627564401087183,0.0,0.0788,net_delay_paymentservice_1
2026-10-02T19:12:26,productcatalogservice,13.66015625,0.015262076438961637,0.0,0.0788,net_delay_paymentservice_1
2026-10-02T19:12:26,currencyservice,34.921875,0.00966914999999986,0.0,0.0788,net_delay_paymentservice_1
2026-10-02T19:12:26,cartservice,55.19921875,0.009326470253668697,0.0,0.0788,net_delay_paymentservice_1
2026-10-02T19:12:26,frontend,14.5703125,0.03237640701424617,0.0,0.0788,net_delay_paymentservice_1
2026-10-02T19:12:26,recommendationservice,32.50390625,0.015177618968247354,1.0,0.0788,net_delay_paymentservice_1
2026-10-02T19:12:26,checkoutservice,6.77734375,0.0024420150053590557,0.0,0.0788,net_delay_paymentservice_1
2026-10-02T19:12:31,loadgenerator,58.8046875,0.005867624467946073,0.0,0.0863,net_delay_paymentservice_1
2026-10-02T19:12:31,redis-cart,6.3984375,0.003099413144913895,0.0,0.0863,net_delay_paymentservice_1
2026-10-02T19:12:31,shippingservice,12.1015625,0.0013721491095789547,0.0,0.0863,net_delay_paymentservice_1
2026-10-02T19:12:31,adservice,110.1875,0.0031748162352189606,0.0,0.0863,net_delay_paymentservice_1
2026-10-02T19:12:31,emailservice,36.74609375,0.007793939988232992,0.0,0.0863,net_delay_paymentservice_1
2026-10-02T19:12:31,paymentservice,39.9921875,0.001182927069903587,0.0,0.0863,net_delay_paymentservice_1
2026-10-02T19:12:31,productcatalogservice,13.66015625,0.015262076438961639,0.0,0.0863,net_delay_paymentservice_1
2026-10-02T19:12:31,currencyservice,34.921875,0.010461963962503373,0.0,0.0863,net_delay_paymentservice_1
2026-10-02T19:12:31,cartservice,55.19921875,0.009326470253668695,0.0,0.0863,net_delay_paymentservice_1
2026-10-02T19:12:31,frontend,14.5703125,0.03237640701424617,0.0,0.0863,net_delay_paymentservice_1
2026-10-02T19:12:31,recommendationservice,32.50390625,0.015177618968247354,1.0,0.0863,net_delay_paymentservice_1
2026-10-02T19:12:31,checkoutservice,6.77734375,0.0020202608372984856,0.0,0.0863,net_delay_paymentservice_1
2026-10-02T19:12:36,loadgenerator,59.02734375,0.008011316956950164,0.0,0.0836,net_delay_paymentservice_1
2026-10-02T19:12:36,redis-cart,6.40234375,0.004362383627937343,0.0,0.0836,net_delay_paymentservice_1
2026-10-02T19:12:36,shippingservice,12.10546875,0.0018924017393861185,0.0,0.0836,net_delay_paymentservice_1
2026-10-02T19:12:36,adservice,110.078125,0.0026431686334766106,0.0,0.0836,net_delay_paymentservice_1
2026-10-02T19:12:36,emailservice,36.74609375,0.007650524313637707,0.0,0.0836,net_delay_paymentservice_1
2026-10-02T19:12:36,paymentservice,40.03515625,0.0015616699152349465,0.0,0.0836,net_delay_paymentservice_1
2026-10-02T19:12:36,productcatalogservice,13.5546875,0.015232066083764182,0.0,0.0836,net_delay_paymentservice_1
2026-10-02T19:12:36,currencyservice,34.703125,0.018633204716899436,0.0,0.0836,net_delay_paymentservice_1
2026-10-02T19:12:36,cartservice,55.19921875,0.007127443050393389,0.0,0.0836,net_delay_paymentservice_1
2026-10-02T19:12:36,frontend,13.36328125,0.03331554400369215,0.0,0.0836,net_delay_paymentservice_1
2026-10-02T19:12:36,recommendationservice,32.50390625,0.01552474741400045,1.0,0.0836,net_delay_paymentservice_1
2026-10-02T19:12:36,checkoutservice,7.47265625,0.0030576927189137158,0.0,0.0836,net_delay_paymentservice_1
2026-10-02T19:12:41,loadgenerator,59.02734375,0.008011316956950164,0.0,0.075,net_delay_paymentservice_1
2026-10-02T19:12:41,redis-cart,6.40234375,0.004449968450941128,0.0,0.075,net_delay_paymentservice_1
2026-10-02T19:12:41,shippingservice,12.10546875,0.0018924017393861185,0.0,0.075,net_delay_paymentservice_1
2026-10-02T19:12:41,adservice,110.078125,0.003208269692341548,0.0,0.075,net_delay_paymentservice_1
2026-10-02T19:12:41,emailservice,36.74609375,0.006366320053224336,0.0,0.075,net_delay_paymentservice_1
2026-10-02T19:12:41,paymentservice,40.03515625,0.0015616699152349463,0.0,0.075,net_delay_paymentservice_1
2026-10-02T19:12:41,productcatalogservice,13.5546875,0.015232066083764182,0.0,0.075,net_delay_paymentservice_1
2026-10-02T19:12:41,currencyservice,34.703125,0.018633204716899436,0.0,0.075,net_delay_paymentservice_1
2026-10-02T19:12:41,cartservice,55.19921875,0.006366180797492347,0.0,0.075,net_delay_paymentservice_1
2026-10-02T19:12:41,frontend,13.36328125,0.03331554400369215,0.0,0.075,net_delay_paymentservice_1
2026-10-02T19:12:41,recommendationservice,32.50390625,0.01240194447167426,1.0,0.075,net_delay_paymentservice_1
2026-10-02T19:12:41,checkoutservice,7.47265625,0.0030576927189137158,0.0,0.075,net_delay_paymentservice_1
2026-10-02T19:12:47,loadgenerator,58.55859375,0.007519765609393244,0.0,0.0721,net_delay_paymentservice_1
2026-10-02T19:12:47,redis-cart,5.65625,0.0044471005354827465,0.0,0.0721,net_delay_paymentservice_1
2026-10-02T19:12:47,shippingservice,12.10546875,0.00182645884812765,0.0,0.0721,net_delay_paymentservice_1
2026-10-02T19:12:47,adservice,110.078125,0.002627875881276449,0.0,0.0721,net_delay_paymentservice_1
2026-10-02T19:12:47,emailservice,36.98046875,0.007523640375068626,0.0,0.0721,net_delay_paymentservice_1
2026-10-02T19:12:47,paymentservice,39.80078125,0.0013421892311100817,0.0,0.0721,net_delay_paymentservice_1
2026-10-02T19:12:47,productcatalogservice,13.5546875,0.015232066083764182,0.0,0.0721,net_delay_paymentservice_1
2026-10-02T19:12:47,currencyservice,35.46875,0.018949399114484587,0.0,0.0721,net_delay_paymentservice_1
2026-10-02T19:12:47,cartservice,55.70703125,0.009321021318790246,0.0,0.0721,net_delay_paymentservice_1
2026-10-02T19:12:47,frontend,13.90625,0.031224498148871647,0.0,0.0721,net_delay_paymentservice_1
2026-10-02T19:12:47,recommendationservice,32.73046875,0.014988836819446016,1.0,0.0721,net_delay_paymentservice_1
2026-10-02T19:12:47,checkoutservice,6.9921875,0.002631821170282708,0.0,0.0721,net_delay_paymentservice_1
2026-10-02T19:12:52,loadgenerator,58.55859375,0.007519765609393245,0.0,0.0538,net_delay_paymentservice_1
2026-10-02T19:12:52,redis-cart,5.65625,0.004478091583669836,0.0,0.0538,net_delay_paymentservice_1
2026-10-02T19:12:52,shippingservice,12.10546875,0.00182645884812765,0.0,0.0538,net_delay_paymentservice_1
2026-10-02T19:12:52,adservice,110.078125,0.0023560284960120414,0.0,0.0538,net_delay_paymentservice_1
2026-10-02T19:12:52,emailservice,36.98046875,0.007523640375068626,0.0,0.0538,net_delay_paymentservice_1
2026-10-02T19:12:52,paymentservice,39.80078125,0.001342189231110082,0.0,0.0538,net_delay_paymentservice_1
2026-10-02T19:12:52,productcatalogservice,13.5546875,0.011391179994417865,0.0,0.0538,net_delay_paymentservice_1
2026-10-02T19:12:52,currencyservice,35.46875,0.018949399114484587,0.0,0.0538,net_delay_paymentservice_1
2026-10-02T19:12:52,cartservice,55.70703125,0.007352987810752877,0.0,0.0538,net_delay_paymentservice_1
2026-10-02T19:12:52,frontend,13.90625,0.0299497174995486,0.0,0.0538,net_delay_paymentservice_1
2026-10-02T19:12:52,recommendationservice,32.73046875,0.014285618197382919,1.0,0.0538,net_delay_paymentservice_1
2026-10-02T19:12:52,checkoutservice,6.9921875,0.002631821170282708,0.0,0.0538,net_delay_paymentservice_1
2026-10-02T19:12:57,loadgenerator,58.55859375,0.007472758527096707,0.0,0.1458,net_delay_paymentservice_1
2026-10-02T19:12:57,redis-cart,5.65625,0.004478091583669836,0.0,0.1458,net_delay_paymentservice_1
2026-10-02T19:12:57,shippingservice,12.83984375,0.002124621254629112,0.0,0.1458,net_delay_paymentservice_1
2026-10-02T19:12:57,adservice,110.30859375,0.0029515118630689644,0.0,0.1458,net_delay_paymentservice_1
2026-10-02T19:12:57,emailservice,36.98046875,0.00750999060444689,0.0,0.1458,net_delay_paymentservice_1
2026-10-02T19:12:57,paymentservice,39.80078125,0.0013421892311100817,0.0,0.1458,net_delay_paymentservice_1
2026-10-02T19:12:57,productcatalogservice,12.86328125,0.013039707730651998,0.0,0.1458,net_delay_paymentservice_1
2026-10-02T19:12:57,currencyservice,35.11328125,0.01844027053279105,0.0,0.1458,net_delay_paymentservice_1
2026-10-02T19:12:57,cartservice,55.9453125,0.008627324189470431,0.0,0.1458,net_delay_paymentservice_1
2026-10-02T19:12:57,frontend,13.90625,0.029949717499548608,0.0,0.1458,net_delay_paymentservice_1
2026-10-02T19:12:57,recommendationservice,33.72265625,0.014175771918465772,1.0,0.1458,net_delay_paymentservice_1
2026-10-02T19:12:57,checkoutservice,6.9921875,0.002631821170282708,0.0,0.1458,net_delay_paymentservice_1
2026-10-02T19:13:02,loadgenerator,58.55859375,0.007494891128180157,0.0,0.0892,net_delay_paymentservice_1
2026-10-02T19:13:02,redis-cart,5.65625,0.004478091583669836,0.0,0.0892,net_delay_paymentservice_1
2026-10-02T19:13:02,shippingservice,12.83984375,0.002124621254629112,0.0,0.0892,net_delay_paymentservice_1
2026-10-02T19:13:02,adservice,110.30859375,0.002471186101930747,0.0,0.0892,net_delay_paymentservice_1
2026-10-02T19:13:02,emailservice,36.98046875,0.0057858845114309955,0.0,0.0892,net_delay_paymentservice_1
2026-10-02T19:13:02,paymentservice,39.80078125,0.0011979218985435187,0.0,0.0892,net_delay_paymentservice_1
2026-10-02T19:13:02,productcatalogservice,12.86328125,0.013039707730652,0.0,0.0892,net_delay_paymentservice_1
2026-10-02T19:13:02,currencyservice,35.11328125,0.01733459957902976,0.0,0.0892,net_delay_paymentservice_1
2026-10-02T19:13:02,cartservice,55.9453125,0.008627324189470431,0.0,0.0892,net_delay_paymentservice_1
2026-10-02T19:13:02,frontend,13.90625,0.02388598122346638,0.0,0.0892,net_delay_paymentservice_1
2026-10-02T19:13:02,recommendationservice,33.72265625,0.014175771918465772,1.0,0.0892,net_delay_paymentservice_1
2026-10-02T19:13:02,checkoutservice,6.9921875,0.0021969819673123498,0.0,0.0892,net_delay_paymentservice_1
2026-10-02T19:13:07,loadgenerator,58.55078125,0.007088817748659775,0.0,0.1244,net_delay_paymentservice_1
2026-10-02T19:13:07,redis-cart,6.6484375,0.004295676429567853,0.0,0.1244,net_delay_paymentservice_1
2026-10-02T19:13:07,shippingservice,12.83984375,0.002124621254629112,0.0,0.1244,net_delay_paymentservice_1
2026-10-02T19:13:07,adservice,110.30859375,0.0022317268449877975,0.0,0.1244,net_delay_paymentservice_1
2026-10-02T19:13:07,emailservice,36.734375,0.007235172906253379,0.0,0.1244,net_delay_paymentservice_1
2026-10-02T19:13:07,paymentservice,39.796875,0.0011906131955454736,0.0,0.1244,net_delay_paymentservice_1
2026-10-02T19:13:07,productcatalogservice,13.47265625,0.011739528635974866,0.0,0.1244,net_delay_paymentservice_1
2026-10-02T19:13:07,currencyservice,34.8125,0.019845986859799408,0.0,0.1244,net_delay_paymentservice_1
2026-10-02T19:13:07,cartservice,55.9453125,0.009395469312494591,0.0,0.1244,net_delay_paymentservice_1
2026-10-02T19:13:07,frontend,13.84375,0.02839976144815025,0.0,0.1244,net_delay_paymentservice_1
2026-10-02T19:13:07,recommendationservice,33.72265625,0.014175771918465772,1.0,0.1244,net_delay_paymentservice_1
2026-10-02T19:13:07,checkoutservice,7.078125,0.002223134167173908,0.0,0.1244,net_delay_paymentservice_1
2026-10-02T19:13:12,loadgenerator,58.55078125,0.004830811716295298,0.0,0.1914,net_delay_paymentservice_1
2026-10-02T19:13:12,redis-cart,6.6484375,0.004295676429567853,0.0,0.1914,net_delay_paymentservice_1
2026-10-02T19:13:12,shippingservice,12.83984375,0.0016597187137620188,0.0,0.1914,net_delay_paymentservice_1
2026-10-02T19:13:12,adservice,110.30859375,0.00197369481311393,0.0,0.1914,net_delay_paymentservice_1
2026-10-02T19:13:12,emailservice,36.734375,0.007082255196517268,0.0,0.1914,net_delay_paymentservice_1
2026-10-02T19:13:12,paymentservice,39.796875,0.0011906131955454736,0.0,0.1914,net_delay_paymentservice_1
2026-10-02T19:13:12,productcatalogservice,13.47265625,0.011739528635974866,0.0,0.1914,net_delay_paymentservice_1
2026-10-02T19:13:12,currencyservice,34.8125,0.013700684878288691,0.0,0.1914,net_delay_paymentservice_1
2026-10-02T19:13:12,cartservice,55.9453125,0.007419719559443386,0.0,0.1914,net_delay_paymentservice_1
2026-10-02T19:13:12,frontend,13.84375,0.02839976144815025,0.0,0.1914,net_delay_paymentservice_1
2026-10-02T19:13:12,recommendationservice,33.72265625,0.011136547704149511,1.0,0.1914,net_delay_paymentservice_1
2026-10-02T19:13:12,checkoutservice,7.078125,0.0013297345789766732,0.0,0.1914,net_delay_paymentservice_1
2026-10-02T19:13:18,loadgenerator,58.55078125,0.0045949777777776835,0.0,0.0963,net_delay_paymentservice_1
2026-10-02T19:13:18,redis-cart,5.90625,0.0042726907205588435,0.0,0.0963,net_delay_paymentservice_1
2026-10-02T19:13:18,shippingservice,12.1015625,0.0015254209800796023,0.0,0.0963,net_delay_paymentservice_1
2026-10-02T19:13:18,adservice,110.09375,0.002917349593041117,0.0,0.0963,net_delay_paymentservice_1
2026-10-02T19:13:18,emailservice,36.71875,0.0070020804585496105,0.0,0.0963,net_delay_paymentservice_1
2026-10-02T19:13:18,paymentservice,39.796875,0.0010952593784454,0.0,0.0963,net_delay_paymentservice_1
2026-10-02T19:13:18,productcatalogservice,13.47265625,0.009891172462042389,0.0,0.0963,net_delay_paymentservice_1
2026-10-02T19:13:18,currencyservice,34.71875,0.016147132489884867,0.0,0.0963,net_delay_paymentservice_1
2026-10-02T19:13:18,cartservice,56.66796875,0.007966780015694477,0.0,0.0963,net_delay_paymentservice_1
2026-10-02T19:13:18,frontend,13.84375,0.02839976144815025,0.0,0.0963,net_delay_paymentservice_1
2026-10-02T19:13:18,recommendationservice,32.75,0.012991596254852735,1.0,0.0963,net_delay_paymentservice_1
2026-10-02T19:13:18,checkoutservice,7.078125,0.0013297345789766732,0.0,0.0963,net_delay_paymentservice_1
2026-10-02T19:13:23,loadgenerator,58.55078125,0.0048299953876698686,0.0,0.1163,net_delay_paymentservice_1
2026-10-02T19:13:23,redis-cart,5.90625,0.0042726907205588435,0.0,0.1163,net_delay_paymentservice_1
2026-10-02T19:13:23,shippingservice,12.1015625,0.0015254209800796023,0.0,0.1163,net_delay_paymentservice_1
2026-10-02T19:13:23,adservice,110.09375,0.002917349593041117,0.0,0.1163,net_delay_paymentservice_1
2026-10-02T19:13:23,emailservice,36.71875,0.0070020804585496105,0.0,0.1163,net_delay_paymentservice_1
2026-10-02T19:13:23,paymentservice,39.796875,0.0009040499088725508,0.0,0.1163,net_delay_paymentservice_1
2026-10-02T19:13:23,productcatalogservice,13.47265625,0.008405416515910043,0.0,0.1163,net_delay_paymentservice_1
2026-10-02T19:13:23,currencyservice,34.71875,0.016147132489884867,0.0,0.1163,net_delay_paymentservice_1
2026-10-02T19:13:23,cartservice,56.66796875,0.007966780015694477,0.0,0.1163,net_delay_paymentservice_1
2026-10-02T19:13:23,frontend,13.84375,0.02216199874713939,0.0,0.1163,net_delay_paymentservice_1
2026-10-02T19:13:23,recommendationservice,32.75,0.007459225000000024,1.0,0.1163,net_delay_paymentservice_1
2026-10-02T19:13:23,checkoutservice,7.078125,0.001046268410103321,0.0,0.1163,net_delay_paymentservice_1
2026-10-02T19:13:28,loadgenerator,59.046875,0.006457365699763795,0.0,0.1738,net_delay_paymentservice_1
2026-10-02T19:13:28,redis-cart,5.90625,0.004181101589585772,0.0,0.1738,net_delay_paymentservice_1
2026-10-02T19:13:28,shippingservice,12.10546875,0.0016079509114167243,0.0,0.1738,net_delay_paymentservice_1
2026-10-02T19:13:28,adservice,110.3359375,0.0029140015239191705,0.0,0.1738,net_delay_paymentservice_1
2026-10-02T19:13:28,emailservice,36.72265625,0.006689867315550395,0.0,0.1738,net_delay_paymentservice_1
2026-10-02T19:13:28,paymentservice,40.015625,0.0009257928895057828,0.0,0.1738,net_delay_paymentservice_1
2026-10-02T19:13:28,productcatalogservice,13.46875,0.010785665767861205,0.0,0.1738,net_delay_paymentservice_1
2026-10-02T19:13:28,currencyservice,34.95703125,0.012590058130536711,0.0,0.1738,net_delay_paymentservice_1
2026-10-02T19:13:28,cartservice,56.66796875,0.007966780015694477,0.0,0.1738,net_delay_paymentservice_1
2026-10-02T19:13:28,frontend,14.40234375,0.027261700989569506,0.0,0.1738,net_delay_paymentservice_1
2026-10-02T19:13:28,recommendationservice,32.96875,0.01253397877055878,1.0,0.1738,net_delay_paymentservice_1
2026-10-02T19:13:28,checkoutservice,7.125,0.0012234460417088473,0.0,0.1738,net_delay_paymentservice_1
2026-10-02T19:13:33,loadgenerator,59.046875,0.005476373134498173,0.0,0.0709,net_delay_paymentservice_1
2026-10-02T19:13:33,redis-cart,5.90625,0.003323383440995498,0.0,0.0709,net_delay_paymentservice_1
2026-10-02T19:13:33,shippingservice,12.10546875,0.0014524701978615912,0.0,0.0709,net_delay_paymentservice_1
2026-10-02T19:13:33,adservice,110.3359375,0.0030411046885035235,0.0,0.0709,net_delay_paymentservice_1
2026-10-02T19:13:33,emailservice,36.72265625,0.006689867315550396,0.0,0.0709,net_delay_paymentservice_1
2026-10-02T19:13:33,paymentservice,40.015625,0.0009019726596297177,0.0,0.0709,net_delay_paymentservice_1
2026-10-02T19:13:33,productcatalogservice,13.46875,0.010554202192448497,0.0,0.0709,net_delay_paymentservice_1
2026-10-02T19:13:33,currencyservice,34.95703125,0.013342978676789435,0.0,0.0709,net_delay_paymentservice_1
2026-10-02T19:13:33,cartservice,56.66796875,0.006008910631920827,0.0,0.0709,net_delay_paymentservice_1
2026-10-02T19:13:33,frontend,14.40234375,0.028383440713666202,0.0,0.0709,net_delay_paymentservice_1
2026-10-02T19:13:33,recommendationservice,32.96875,0.012533978770558778,1.0,0.0709,net_delay_paymentservice_1
2026-10-02T19:13:33,checkoutservice,7.125,0.0012185423307580075,0.0,0.0709,net_delay_paymentservice_1
2026-10-02T19:13:38,loadgenerator,58.34375,0.006862540570788733,0.0,0.0784,net_delay_paymentservice_1
2026-10-02T19:13:38,redis-cart,6.89453125,0.0041560745895261285,0.0,0.0784,net_delay_paymentservice_1
2026-10-02T19:13:38,shippingservice,12.10546875,0.0014524701978615912,0.0,0.0784,net_delay_paymentservice_1
2026-10-02T19:13:38,adservice,110.3359375,0.0024351265655105903,0.0,0.0784,net_delay_paymentservice_1
2026-10-02T19:13:38,emailservice,36.72265625,0.006689867315550396,0.0,0.0784,net_delay_paymentservice_1
2026-10-02T19:13:38,paymentservice,39.80078125,0.0009656231444892641,0.0,0.0784,net_delay_paymentservice_1
2026-10-02T19:13:38,productcatalogservice,13.46875,0.010554202192448497,0.0,0.0784,net_delay_paymentservice_1
2026-10-02T19:13:38,currencyservice,34.73828125,0.014380482367247534,0.0,0.0784,net_delay_paymentservice_1
2026-10-02T19:13:38,cartservice,55.2421875,0.008273035913214086,0.0,0.0784,net_delay_paymentservice_1
2026-10-02T19:13:38,frontend,13.2734375,0.02719786201040682,0.0,0.0784,net_delay_paymentservice_1
2026-10-02T19:13:38,recommendationservice,32.96875,0.012533978770558778,1.0,0.0784,net_delay_paymentservice_1
2026-10-02T19:13:38,checkoutservice,7.125,0.0012185423307580075,0.0,0.0784,net_delay_paymentservice_1
2026-10-02T19:13:43,loadgenerator,58.34375,0.005623451091669511,0.0,0.1592,net_delay_paymentservice_1
2026-10-02T19:13:43,redis-cart,6.89453125,0.0033097973888526005,0.0,0.1592,net_delay_paymentservice_1
2026-10-02T19:13:43,shippingservice,12.10546875,0.0011515667885379315,0.0,0.1592,net_delay_paymentservice_1
2026-10-02T19:13:43,adservice,110.3359375,0.0021704490874545003,0.0,0.1592,net_delay_paymentservice_1
2026-10-02T19:13:43,emailservice,36.72265625,0.005212950729878353,0.0,0.1592,net_delay_paymentservice_1
2026-10-02T19:13:43,paymentservice,39.80078125,0.0009656231444892641,0.0,0.1592,net_delay_paymentservice_1
2026-10-02T19:13:43,productcatalogservice,13.46875,0.008009144285424478,0.0,0.1592,net_delay_paymentservice_1
2026-10-02T19:13:43,currencyservice,34.73828125,0.014548767714768084,0.0,0.1592,net_delay_paymentservice_1
2026-10-02T19:13:43,cartservice,55.2421875,0.008273035913214086,0.0,0.1592,net_delay_paymentservice_1
2026-10-02T19:13:43,frontend,13.2734375,0.01997330495851873,0.0,0.1592,net_delay_paymentservice_1
2026-10-02T19:13:43,recommendationservice,32.96875,0.00947082022610622,1.0,0.1592,net_delay_paymentservice_1
2026-10-02T19:13:43,checkoutservice,7.125,0.0007496032231598704,0.0,0.1592,net_delay_paymentservice_1
2026-10-02T19:13:49,loadgenerator,58.55078125,0.00677556343075543,0.0,0.106,net_delay_paymentservice_1
2026-10-02T19:13:49,redis-cart,6.89453125,0.003344806537727278,0.0,0.106,net_delay_paymentservice_1
2026-10-02T19:13:49,shippingservice,12.34765625,0.0013841439216896374,0.0,0.106,net_delay_paymentservice_1
2026-10-02T19:13:49,adservice,110.33984375,0.0027232344162771097,0.0,0.106,net_delay_paymentservice_1
2026-10-02T19:13:49,emailservice,36.72265625,0.006793755888202618,0.0,0.106,net_delay_paymentservice_1
2026-10-02T19:13:49,paymentservice,39.80078125,0.0008272868531278744,0.0,0.106,net_delay_paymentservice_1
2026-10-02T19:13:49,productcatalogservice,13.24609375,0.01078344033650653,0.0,0.106,net_delay_paymentservice_1
2026-10-02T19:13:49,currencyservice,35.06640625,0.009052104166666908,0.0,0.106,net_delay_paymentservice_1
2026-10-02T19:13:49,cartservice,55.2421875,0.008273035913214086,0.0,0.106,net_delay_paymentservice_1
2026-10-02T19:13:49,frontend,13.453125,0.02258302769779366,0.0,0.106,net_delay_paymentservice_1
2026-10-02T19:13:49,recommendationservice,32.98046875,0.012692659053833648,1.0,0.106,net_delay_paymentservice_1
2026-10-02T19:13:49,checkoutservice,7.18359375,0.0011038612546959297,0.0,0.106,net_delay_paymentservice_1
2026-10-02T19:13:54,loadgenerator,58.55078125,0.007128579837739745,0.0,0.0715,net_delay_paymentservice_1
2026-10-02T19:13:54,redis-cart,6.89453125,0.0029883623040170494,0.0,0.0715,net_delay_paymentservice_1
2026-10-02T19:13:54,shippingservice,12.34765625,0.0009879999999999002,0.0,0.0715,net_delay_paymentservice_1
2026-10-02T19:13:54,adservice,110.33984375,0.0026022483362120852,0.0,0.0715,net_delay_paymentservice_1
2026-10-02T19:13:54,emailservice,36.72265625,0.005442893016010064,0.0,0.0715,net_delay_paymentservice_1
2026-10-02T19:13:54,paymentservice,39.80078125,0.000649530484619132,0.0,0.0715,net_delay_paymentservice_1
2026-10-02T19:13:54,productcatalogservice,13.24609375,0.010783472000943994,0.0,0.0715,net_delay_paymentservice_1
2026-10-02T19:13:54,currencyservice,35.06640625,0.009969388446051355,0.0,0.0715,net_delay_paymentservice_1
2026-10-02T19:13:54,cartservice,55.2421875,0.006760547757596564,0.0,0.0715,net_delay_paymentservice_1
2026-10-02T19:13:54,frontend,13.453125,0.026167966406718524,0.0,0.0715,net_delay_paymentservice_1
2026-10-02T19:13:54,recommendationservice,32.98046875,0.01344704820759621,1.0,0.0715,net_delay_paymentservice_1
2026-10-02T19:13:54,checkoutservice,7.18359375,0.0011038612546959297,0.0,0.0715,net_delay_paymentservice_1
2026-10-02T19:13:59,loadgenerator,58.55078125,0.006064065050247937,0.0,0.1425,net_delay_paymentservice_1
2026-10-02T19:13:59,redis-cart,6.89453125,0.004225785789449552,0.0,0.1425,net_delay_paymentservice_1
2026-10-02T19:13:59,shippingservice,12.35546875,0.0018251626604011337,0.0,0.1425,net_delay_paymentservice_1
2026-10-02T19:13:59,adservice,110.0859375,0.003121999292464611,0.0,0.1425,net_delay_paymentservice_1
2026-10-02T19:13:59,emailservice,36.96484375,0.006722858192713582,0.0,0.1425,net_delay_paymentservice_1
2026-10-02T19:13:59,paymentservice,39.80859375,0.0009119830786497408,0.0,0.1425,net_delay_paymentservice_1
2026-10-02T19:13:59,productcatalogservice,12.83984375,0.011157656969511917,0.0,0.1425,net_delay_paymentservice_1
2026-10-02T19:13:59,currencyservice,34.94140625,0.014893454147789427,0.0,0.1425,net_delay_paymentservice_1
2026-10-02T19:13:59,cartservice,54.98046875,0.008851537896284102,0.0,0.1425,net_delay_paymentservice_1
2026-10-02T19:13:59,frontend,13.4296875,0.028708011313839394,0.0,0.1425,net_delay_paymentservice_1
2026-10-02T19:13:59,recommendationservice,32.98046875,0.01344704820759621,1.0,0.1425,net_delay_paymentservice_1
2026-10-02T19:13:59,checkoutservice,7.18359375,0.0008671152115169147,0.0,0.1425,net_delay_paymentservice_1
2026-10-02T19:14:04,loadgenerator,58.55078125,0.0054540962354653385,0.0,0.0884,net_delay_paymentservice_1
2026-10-02T19:14:04,redis-cart,6.89453125,0.004236056440380223,0.0,0.0884,net_delay_paymentservice_1
2026-10-02T19:14:04,shippingservice,12.35546875,0.0018251626604011337,0.0,0.0884,net_delay_paymentservice_1
2026-10-02T19:14:04,adservice,110.0859375,0.002463656363886392,0.0,0.0884,net_delay_paymentservice_1
2026-10-02T19:14:04,emailservice,36.96484375,0.005479073403243297,0.0,0.0884,net_delay_paymentservice_1
2026-10-02T19:14:04,paymentservice,39.80859375,0.0010891730053407189,0.0,0.0884,net_delay_paymentservice_1
2026-10-02T19:14:04,productcatalogservice,12.83984375,0.007589450000000043,0.0,0.0884,net_delay_paymentservice_1
2026-10-02T19:14:04,currencyservice,34.94140625,0.013193875807974315,0.0,0.0884,net_delay_paymentservice_1
2026-10-02T19:14:04,cartservice,54.98046875,0.008851537896284102,0.0,0.0884,net_delay_paymentservice_1
2026-10-02T19:14:04,frontend,13.4296875,0.029266825333862156,0.0,0.0884,net_delay_paymentservice_1
2026-10-02T19:14:04,recommendationservice,32.98046875,0.010392495177873199,1.0,0.0884,net_delay_paymentservice_1
2026-10-02T19:14:04,checkoutservice,7.18359375,0.0008321852731882858,0.0,0.0884,net_delay_paymentservice_1
2026-10-02T19:14:09,loadgenerator,58.58984375,0.007579889199391999,0.0,0.0799,net_delay_paymentservice_1
2026-10-02T19:14:09,redis-cart,6.15625,0.004416597493972164,0.0,0.0799,net_delay_paymentservice_1
2026-10-02T19:14:09,shippingservice,12.35546875,0.0018251626604011335,0.0,0.0799,net_delay_paymentservice_1
2026-10-02T19:14:09,adservice,109.9609375,0.00336904211013431,0.0,0.0799,net_delay_paymentservice_1
2026-10-02T19:14:09,emailservice,36.734375,0.006871252767417288,0.0,0.0799,net_delay_paymentservice_1
2026-10-02T19:14:09,paymentservice,2.671875,0.00103443214629453,0.0,0.0799,net_delay_paymentservice_1
2026-10-02T19:14:09,productcatalogservice,12.59375,0.012802069892473053,0.0,0.0799,net_delay_paymentservice_1
2026-10-02T19:14:09,currencyservice,34.94140625,0.011936225587573731,0.0,0.0799,net_delay_paymentservice_1
2026-10-02T19:14:09,cartservice,54.98046875,0.007095835354556152,0.0,0.0799,net_delay_paymentservice_1
2026-10-02T19:14:09,frontend,13.4296875,0.0246107173134558,0.0,0.0799,net_delay_paymentservice_1
2026-10-02T19:14:09,recommendationservice,33.2265625,0.014887387666563313,1.0,0.0799,net_delay_paymentservice_1
2026-10-02T19:14:09,checkoutservice,7.4609375,0.0018658789166224148,0.0,0.0799,net_delay_paymentservice_1
2026-10-02T19:14:15,loadgenerator,58.58984375,0.0062449443798924115,0.0,0.089,net_delay_paymentservice_1
2026-10-02T19:14:15,redis-cart,6.15625,0.004571105490254713,0.0,0.089,net_delay_paymentservice_1
2026-10-02T19:14:15,shippingservice,12.35546875,0.0014378759710525287,0.0,0.089,net_delay_paymentservice_1
2026-10-02T19:14:15,adservice,109.9609375,0.00336904211013431,0.0,0.089,net_delay_paymentservice_1
2026-10-02T19:14:15,emailservice,36.734375,0.006992476472592697,0.0,0.089,net_delay_paymentservice_1
2026-10-02T19:14:15,paymentservice,2.671875,0.00103443214629453,0.0,0.089,net_delay_paymentservice_1
2026-10-02T19:14:15,productcatalogservice,12.59375,0.010693142245519661,0.0,0.089,net_delay_paymentservice_1
2026-10-02T19:14:15,currencyservice,34.94140625,0.010664894634394897,0.0,0.089,net_delay_paymentservice_1
2026-10-02T19:14:15,cartservice,54.98046875,0.006163957238639054,0.0,0.089,net_delay_paymentservice_1
2026-10-02T19:14:15,frontend,13.4296875,0.022072307996165493,0.0,0.089,net_delay_paymentservice_1
2026-10-02T19:14:15,recommendationservice,33.2265625,0.012146991781840675,1.0,0.089,net_delay_paymentservice_1
2026-10-02T19:14:15,checkoutservice,7.4609375,0.001865878916622415,0.0,0.089,net_delay_paymentservice_1
2026-10-02T19:14:20,loadgenerator,58.56640625,0.007369923061117417,0.0,0.071,net_delay_paymentservice_1
2026-10-02T19:14:20,redis-cart,5.90625,0.004451215625569056,0.0,0.071,net_delay_paymentservice_1
2026-10-02T19:14:20,shippingservice,12.1015625,0.0016661650902838015,0.0,0.071,net_delay_paymentservice_1
2026-10-02T19:14:20,adservice,109.9609375,0.002190799999999982,0.0,0.071,net_delay_paymentservice_1
2026-10-02T19:14:20,emailservice,36.734375,0.005667499298765166,0.0,0.071,net_delay_paymentservice_1
2026-10-02T19:14:20,productcatalogservice,12.82421875,0.013235159030887683,0.0,0.071,net_delay_paymentservice_1
2026-10-02T19:14:20,currencyservice,34.625,0.01450949211309229,0.0,0.071,net_delay_paymentservice_1
2026-10-02T19:14:20,cartservice,55.71484375,0.009061231546748054,0.0,0.071,net_delay_paymentservice_1
2026-10-02T19:14:20,frontend,13.2265625,0.030089547078483412,0.0,0.071,net_delay_paymentservice_1
2026-10-02T19:14:20,recommendationservice,32.48046875,0.0147745652802445,1.0,0.071,net_delay_paymentservice_1
2026-10-02T19:14:20,checkoutservice,7.4609375,0.0015544206388750535,0.0,0.071,net_delay_paymentservice_1
2026-10-02T19:14:20,paymentservice,30.140625,0.04103002383404991,0.0,0.071,net_delay_paymentservice_1
2026-10-02T19:14:25,loadgenerator,58.56640625,0.007369923061117417,0.0,0.0905,net_delay_paymentservice_1
2026-10-02T19:14:25,redis-cart,5.90625,0.004451215625569057,0.0,0.0905,net_delay_paymentservice_1
2026-10-02T19:14:25,shippingservice,12.1015625,0.001818309785725541,0.0,0.0905,net_delay_paymentservice_1
2026-10-02T19:14:25,adservice,109.9609375,0.0023792914716980933,0.0,0.0905,net_delay_paymentservice_1
2026-10-02T19:14:25,emailservice,36.734375,0.0050669526004588706,0.0,0.0905,net_delay_paymentservice_1
2026-10-02T19:14:25,productcatalogservice,12.82421875,0.013943158664646918,0.0,0.0905,net_delay_paymentservice_1
2026-10-02T19:14:25,currencyservice,34.625,0.012562438158216978,0.0,0.0905,net_delay_paymentservice_1
2026-10-02T19:14:25,cartservice,55.71484375,0.009061231546748054,0.0,0.0905,net_delay_paymentservice_1
2026-10-02T19:14:25,frontend,13.2265625,0.030089547078483412,0.0,0.0905,net_delay_paymentservice_1
2026-10-02T19:14:25,recommendationservice,32.48046875,0.015334239490783688,1.0,0.0905,net_delay_paymentservice_1
2026-10-02T19:14:25,checkoutservice,7.4609375,0.0015544206388750535,0.0,0.0905,net_delay_paymentservice_1
2026-10-02T19:14:25,paymentservice,30.140625,0.05345590194076198,0.0,0.0905,net_delay_paymentservice_1
2026-10-02T19:14:30,loadgenerator,58.56640625,0.0062116794811433295,0.0,0.0709,net_delay_paymentservice_1
2026-10-02T19:14:30,redis-cart,6.16015625,0.004453448116264105,0.0,0.0709,net_delay_paymentservice_1
2026-10-02T19:14:30,shippingservice,12.1015625,0.001818309785725541,0.0,0.0709,net_delay_paymentservice_1
2026-10-02T19:14:30,adservice,110.1953125,0.003367217430136074,0.0,0.0709,net_delay_paymentservice_1
2026-10-02T19:14:30,emailservice,36.734375,0.006237810531533563,0.0,0.0709,net_delay_paymentservice_1
2026-10-02T19:14:30,productcatalogservice,12.82421875,0.011594046277624235,0.0,0.0709,net_delay_paymentservice_1
2026-10-02T19:14:30,currencyservice,35.125,0.017245017948966743,0.0,0.0709,net_delay_paymentservice_1
2026-10-02T19:14:30,cartservice,55.71484375,0.0072659556456790295,0.0,0.0709,net_delay_paymentservice_1
2026-10-02T19:14:30,frontend,13.2265625,0.026243703442728434,0.0,0.0709,net_delay_paymentservice_1
2026-10-02T19:14:30,recommendationservice,32.23046875,0.014543056903286767,1.0,0.0709,net_delay_paymentservice_1
2026-10-02T19:14:30,checkoutservice,7.4609375,0.0015544206388750535,0.0,0.0709,net_delay_paymentservice_1
2026-10-02T19:14:30,paymentservice,30.140625,0.04144574166666667,0.0,0.0709,net_delay_paymentservice_1
2026-10-02T19:14:35,loadgenerator,58.80859375,0.0075179644777877,0.0,0.082,net_delay_paymentservice_1
2026-10-02T19:14:35,redis-cart,6.16015625,0.004489284397872735,0.0,0.082,net_delay_paymentservice_1
2026-10-02T19:14:35,shippingservice,12.6015625,0.0019945259080668483,0.0,0.082,net_delay_paymentservice_1
2026-10-02T19:14:35,adservice,110.94140625,0.003276400041714552,0.0,0.082,net_delay_paymentservice_1
2026-10-02T19:14:35,emailservice,36.734375,0.007093413931257473,0.0,0.082,net_delay_paymentservice_1
2026-10-02T19:14:35,productcatalogservice,13.8125,0.013115276191835787,0.0,0.082,net_delay_paymentservice_1
2026-10-02T19:14:35,currencyservice,34.66796875,0.01342179528588354,0.0,0.082,net_delay_paymentservice_1
2026-10-02T19:14:35,cartservice,54.953125,0.009226101133481747,0.0,0.082,net_delay_paymentservice_1
2026-10-02T19:14:35,frontend,14.9609375,0.029609898223907596,0.0,0.082,net_delay_paymentservice_1
2026-10-02T19:14:35,recommendationservice,32.23046875,0.014543056903286767,1.0,0.082,net_delay_paymentservice_1
2026-10-02T19:14:35,checkoutservice,6.90625,0.001935819649318122,0.0,0.082,net_delay_paymentservice_1
2026-10-02T19:14:35,paymentservice,30.0078125,0.031990749642099525,0.0,0.082,net_delay_paymentservice_1
2026-10-02T19:14:40,loadgenerator,58.80859375,0.0075179644777877,0.0,0.0712,net_delay_paymentservice_1
2026-10-02T19:14:40,redis-cart,6.16015625,0.0037574063386750936,0.0,0.0712,net_delay_paymentservice_1
2026-10-02T19:14:40,shippingservice,12.6015625,0.0018537115868625944,0.0,0.0712,net_delay_paymentservice_1
2026-10-02T19:14:40,adservice,110.94140625,0.003276400041714552,0.0,0.0712,net_delay_paymentservice_1
2026-10-02T19:14:40,emailservice,36.734375,0.00721710787996654,0.0,0.0712,net_delay_paymentservice_1
2026-10-02T19:14:40,productcatalogservice,13.8125,0.013357018199950188,0.0,0.0712,net_delay_paymentservice_1
2026-10-02T19:14:40,currencyservice,34.66796875,0.016799760452961516,0.0,0.0712,net_delay_paymentservice_1
2026-10-02T19:14:40,cartservice,54.953125,0.009226101133481747,0.0,0.0712,net_delay_paymentservice_1
2026-10-02T19:14:40,frontend,14.9609375,0.029609898223907596,0.0,0.0712,net_delay_paymentservice_1
2026-10-02T19:14:40,recommendationservice,32.23046875,0.011630930950544453,1.0,0.0712,net_delay_paymentservice_1
2026-10-02T19:14:40,checkoutservice,6.90625,0.0016110661190489963,0.0,0.0712,net_delay_paymentservice_1
2026-10-02T19:14:40,paymentservice,30.0078125,0.03694720508526801,0.0,0.0712,net_delay_paymentservice_1
2026-10-02T19:14:45,loadgenerator,58.3671875,0.006812829872817364,0.0,0.0734,net_delay_paymentservice_1
2026-10-02T19:14:45,redis-cart,6.3984375,0.004486850078778389,0.0,0.0734,net_delay_paymentservice_1
2026-10-02T19:14:45,shippingservice,12.6015625,0.0015125591406953695,0.0,0.0734,net_delay_paymentservice_1
2026-10-02T19:14:45,adservice,110.94140625,0.0031064045978472,0.0,0.0734,net_delay_paymentservice_1
2026-10-02T19:14:45,emailservice,37.47265625,0.007237112668540411,0.0,0.0734,net_delay_paymentservice_1
2026-10-02T19:14:45,productcatalogservice,12.87890625,0.012946041875806752,0.0,0.0734,net_delay_paymentservice_1
2026-10-02T19:14:45,currencyservice,34.98046875,0.01541945282719181,0.0,0.0734,net_delay_paymentservice_1
2026-10-02T19:14:45,cartservice,56.18359375,0.00888390273930444,0.0,0.0734,net_delay_paymentservice_1
2026-10-02T19:14:45,frontend,13.53125,0.026284442826223314,0.0,0.0734,net_delay_paymentservice_1
2026-10-02T19:14:45,recommendationservice,33.23046875,0.013456116273314285,1.0,0.0734,net_delay_paymentservice_1
2026-10-02T19:14:45,checkoutservice,6.90625,0.0016110661190489963,0.0,0.0734,net_delay_paymentservice_1
2026-10-02T19:14:45,paymentservice,30.0078125,0.04188061171412996,0.0,0.0734,net_delay_paymentservice_1
2026-10-02T19:14:51,loadgenerator,58.3671875,0.006812829872817364,0.0,0.0825,net_delay_paymentservice_1
2026-10-02T19:14:51,redis-cart,6.3984375,0.0030789999999999255,0.0,0.0825,net_delay_paymentservice_1
2026-10-02T19:14:51,shippingservice,12.6015625,0.0013537269528943597,0.0,0.0825,net_delay_paymentservice_1
2026-10-02T19:14:51,adservice,110.94140625,0.00259696718715275,0.0,0.0825,net_delay_paymentservice_1
2026-10-02T19:14:51,emailservice,37.47265625,0.007240713941148528,0.0,0.0825,net_delay_paymentservice_1
2026-10-02T19:14:51,productcatalogservice,12.87890625,0.012353550794685786,0.0,0.0825,net_delay_paymentservice_1
2026-10-02T19:14:51,currencyservice,34.98046875,0.015419452827191808,0.0,0.0825,net_delay_paymentservice_1
2026-10-02T19:14:51,cartservice,56.18359375,0.00850577236583861,0.0,0.0825,net_delay_paymentservice_1
2026-10-02T19:14:51,frontend,13.53125,0.026284442826223314,0.0,0.0825,net_delay_paymentservice_1
2026-10-02T19:14:51,recommendationservice,33.23046875,0.013456116273314283,1.0,0.0825,net_delay_paymentservice_1
2026-10-02T19:14:51,checkoutservice,6.90625,0.0013231014758199801,0.0,0.0825,net_delay_paymentservice_1
2026-10-02T19:14:51,paymentservice,30.0078125,0.03497052916666667,0.0,0.0825,net_delay_paymentservice_1
2026-10-02T19:14:56,loadgenerator,58.375,0.006728073477376934,0.0,0.0851,net_delay_paymentservice_1
2026-10-02T19:14:56,redis-cart,6.40234375,0.004385822290870403,0.0,0.0851,net_delay_paymentservice_1
2026-10-02T19:14:56,shippingservice,12.1015625,0.0015182135526571625,0.0,0.0851,net_delay_paymentservice_1
2026-10-02T19:14:56,adservice,109.953125,0.003063340583248382,0.0,0.0851,net_delay_paymentservice_1
2026-10-02T19:14:56,emailservice,37.47265625,0.007240713941148528,0.0,0.0851,net_delay_paymentservice_1
2026-10-02T19:14:56,productcatalogservice,12.87890625,0.012353550794685786,0.0,0.0851,net_delay_paymentservice_1
2026-10-02T19:14:56,currencyservice,34.84765625,0.014273992604574572,0.0,0.0851,net_delay_paymentservice_1
2026-10-02T19:14:56,cartservice,55.69921875,0.007890596303615133,0.0,0.0851,net_delay_paymentservice_1
2026-10-02T19:14:56,frontend,13.76171875,0.019643083370690664,0.0,0.0851,net_delay_paymentservice_1
2026-10-02T19:14:56,recommendationservice,32.72265625,0.010364179718212423,1.0,0.0851,net_delay_paymentservice_1
2026-10-02T19:14:56,checkoutservice,6.734375,0.0014604843788766527,0.0,0.0851,net_delay_paymentservice_1
2026-10-02T19:14:56,paymentservice,30.65234375,0.035142801682955825,0.0,0.0851,net_delay_paymentservice_1
2026-10-02T19:15:01,loadgenerator,58.375,0.006752584780810714,0.0,0.0677,net_delay_paymentservice_1
2026-10-02T19:15:01,redis-cart,6.40234375,0.004385822290870403,0.0,0.0677,net_delay_paymentservice_1
2026-10-02T19:15:01,shippingservice,12.1015625,0.0018449737847110242,0.0,0.0677,net_delay_paymentservice_1
2026-10-02T19:15:01,adservice,109.953125,0.003063340583248382,0.0,0.0677,net_delay_paymentservice_1
2026-10-02T19:15:01,emailservice,37.47265625,0.005963693359061301,0.0,0.0677,net_delay_paymentservice_1
2026-10-02T19:15:01,productcatalogservice,12.87890625,0.009348154707091653,0.0,0.0677,net_delay_paymentservice_1
2026-10-02T19:15:01,currencyservice,34.84765625,0.01608269239843339,0.0,0.0677,net_delay_paymentservice_1
2026-10-02T19:15:01,cartservice,55.69921875,0.007890596303615133,0.0,0.0677,net_delay_paymentservice_1
2026-10-02T19:15:01,frontend,13.76171875,0.023548073477772758,0.0,0.0677,net_delay_paymentservice_1
2026-10-02T19:15:01,recommendationservice,32.72265625,0.012271312044875603,1.0,0.0677,net_delay_paymentservice_1
2026-10-02T19:15:01,checkoutservice,6.734375,0.0019386378961564383,0.0,0.0677,net_delay_paymentservice_1
2026-10-02T19:15:01,paymentservice,30.65234375,0.03844346135145985,0.0,0.0677,net_delay_paymentservice_1
2026-10-02T19:15:06,loadgenerator,58.640625,0.006242619205098979,0.0,0.1573,net_delay_paymentservice_1
2026-10-02T19:15:06,redis-cart,6.40234375,0.004472081479385805,0.0,0.1573,net_delay_paymentservice_1
2026-10-02T19:15:06,shippingservice,12.1015625,0.0017409758203799101,0.0,0.1573,net_delay_paymentservice_1
2026-10-02T19:15:06,adservice,110.3515625,0.0026496106025413,0.0,0.1573,net_delay_paymentservice_1
2026-10-02T19:15:06,emailservice,37.734375,0.007045590450283901,0.0,0.1573,net_delay_paymentservice_1
2026-10-02T19:15:06,productcatalogservice,12.84375,0.009549989739380062,0.0,0.1573,net_delay_paymentservice_1
2026-10-02T19:15:06,currencyservice,35.234375,0.015818786867432405,0.0,0.1573,net_delay_paymentservice_1
2026-10-02T19:15:06,cartservice,55.69921875,0.006662578417218898,0.0,0.1573,net_delay_paymentservice_1
2026-10-02T19:15:06,frontend,13.76171875,0.023548073477772758,0.0,0.1573,net_delay_paymentservice_1
2026-10-02T19:15:06,recommendationservice,32.7421875,0.011601924367867543,1.0,0.1573,net_delay_paymentservice_1
2026-10-02T19:15:06,checkoutservice,6.734375,0.0019386378961564383,0.0,0.1573,net_delay_paymentservice_1
2026-10-02T19:15:06,paymentservice,30.69921875,0.0017255941541227697,0.0,0.1573,net_delay_paymentservice_1
2026-10-02T19:15:11,loadgenerator,58.640625,0.006242619205098979,0.0,0.1274,net_delay_paymentservice_1
2026-10-02T19:15:11,redis-cart,6.40234375,0.003590050364716831,0.0,0.1274,net_delay_paymentservice_1
2026-10-02T19:15:11,shippingservice,12.1015625,0.0017409758203799101,0.0,0.1274,net_delay_paymentservice_1
2026-10-02T19:15:11,adservice,110.3515625,0.0026496106025413,0.0,0.1274,net_delay_paymentservice_1
2026-10-02T19:15:11,emailservice,37.734375,0.007045590450283901,0.0,0.1274,net_delay_paymentservice_1
2026-10-02T19:15:11,productcatalogservice,12.84375,0.009549989739380062,0.0,0.1274,net_delay_paymentservice_1
2026-10-02T19:15:11,currencyservice,35.234375,0.009849041666666853,0.0,0.1274,net_delay_paymentservice_1
2026-10-02T19:15:11,cartservice,55.69921875,0.004004949999999852,0.0,0.1274,net_delay_paymentservice_1
2026-10-02T19:15:11,frontend,13.76171875,0.019713335123232683,0.0,0.1274,net_delay_paymentservice_1
2026-10-02T19:15:11,recommendationservice,32.7421875,0.011601924367867543,1.0,0.1274,net_delay_paymentservice_1
2026-10-02T19:15:11,checkoutservice,6.734375,0.0015068063047875917,0.0,0.1274,net_delay_paymentservice_1
2026-10-02T19:15:11,paymentservice,30.69921875,0.0017255941541227697,0.0,0.1274,net_delay_paymentservice_1
2026-10-02T19:15:16,loadgenerator,58.640625,0.00485518397426349,0.0,0.0866,net_delay_paymentservice_1
2026-10-02T19:15:16,redis-cart,6.14453125,0.004161850952759504,0.0,0.0866,net_delay_paymentservice_1
2026-10-02T19:15:16,shippingservice,12.1015625,0.001451555164319307,0.0,0.0866,net_delay_paymentservice_1
2026-10-02T19:15:16,adservice,110.3515625,0.0026496106025413,0.0,0.0866,net_delay_paymentservice_1
2026-10-02T19:15:16,emailservice,37.734375,0.004899924999999427,0.0,0.0866,net_delay_paymentservice_1
2026-10-02T19:15:16,productcatalogservice,12.84375,0.008651600037982805,0.0,0.0866,net_delay_paymentservice_1
2026-10-02T19:15:16,currencyservice,34.51953125,0.012559057119258216,0.0,0.0866,net_delay_paymentservice_1
2026-10-02T19:15:16,cartservice,55.9921875,0.006377506968941749,0.0,0.0866,net_delay_paymentservice_1
2026-10-02T19:15:16,frontend,14.04296875,0.01599002874093076,0.0,0.0866,net_delay_paymentservice_1
2026-10-02T19:15:16,recommendationservice,32.25,0.011166136788141318,1.0,0.0866,net_delay_paymentservice_1
2026-10-02T19:15:16,checkoutservice,6.73828125,0.0008684039456205277,0.0,0.0866,net_delay_paymentservice_1
2026-10-02T19:15:16,paymentservice,30.71875,0.0016927931752312522,0.0,0.0866,net_delay_paymentservice_1
2026-10-02T19:15:22,loadgenerator,58.640625,0.00436066162830955,0.0,0.0965,net_delay_paymentservice_1
2026-10-02T19:15:22,redis-cart,6.14453125,0.004161850952759504,0.0,0.0965,net_delay_paymentservice_1
2026-10-02T19:15:22,shippingservice,12.1015625,0.0011454221801643653,0.0,0.0965,net_delay_paymentservice_1
2026-10-02T19:15:22,adservice,110.3515625,0.0020339093168937417,0.0,0.0965,net_delay_paymentservice_1
2026-10-02T19:15:22,emailservice,37.734375,0.005396762903135284,0.0,0.0965,net_delay_paymentservice_1
2026-10-02T19:15:22,productcatalogservice,12.84375,0.008651600037982805,0.0,0.0965,net_delay_paymentservice_1
2026-10-02T19:15:22,currencyservice,34.51953125,0.011355627334329026,0.0,0.0965,net_delay_paymentservice_1
2026-10-02T19:15:22,cartservice,55.9921875,0.006377506968941749,0.0,0.0965,net_delay_paymentservice_1
2026-10-02T19:15:22,frontend,14.04296875,0.016070706833041685,0.0,0.0965,net_delay_paymentservice_1
2026-10-02T19:15:22,recommendationservice,32.25,0.007854351243059459,1.0,0.0965,net_delay_paymentservice_1
2026-10-02T19:15:22,checkoutservice,6.73828125,0.0008684039456205277,0.0,0.0965,net_delay_paymentservice_1
2026-10-02T19:15:22,paymentservice,30.71875,0.0019670172333003592,0.0,0.0965,net_delay_paymentservice_1
2026-10-02T19:15:27,loadgenerator,58.65625,0.006649501145230744,0.0,0.0956,net_delay_paymentservice_1
2026-10-02T19:15:27,redis-cart,6.3984375,0.0040161300715221985,0.0,0.0956,net_delay_paymentservice_1
2026-10-02T19:15:27,shippingservice,12.1015625,0.0011015252032935837,0.0,0.0956,net_delay_paymentservice_1
2026-10-02T19:15:27,adservice,110.08984375,0.002495537780128107,0.0,0.0956,net_delay_paymentservice_1
2026-10-02T19:15:27,emailservice,36.73828125,0.00663364759567734,0.0,0.0956,net_delay_paymentservice_1
2026-10-02T19:15:27,productcatalogservice,12.84375,0.008651600037982805,0.0,0.0956,net_delay_paymentservice_1
2026-10-02T19:15:27,currencyservice,35.4921875,0.012962111607224689,0.0,0.0956,net_delay_paymentservice_1
2026-10-02T19:15:27,cartservice,54.9765625,0.005649389055730008,0.0,0.0956,net_delay_paymentservice_1
2026-10-02T19:15:27,frontend,13.29296875,0.0187621255956432,0.0,0.0956,net_delay_paymentservice_1
2026-10-02T19:15:27,recommendationservice,33.2265625,0.008996525379284538,1.0,0.0956,net_delay_paymentservice_1
2026-10-02T19:15:27,checkoutservice,6.73828125,0.0007047134202208316,0.0,0.0956,net_delay_paymentservice_1
2026-10-02T19:15:27,paymentservice,30.71875,0.001615587748824213,0.0,0.0956,net_delay_paymentservice_1
2026-10-02T19:15:32,loadgenerator,58.65625,0.006729749049041315,0.0,0.0834,net_delay_paymentservice_1
2026-10-02T19:15:32,redis-cart,6.3984375,0.0040161300715221985,0.0,0.0834,net_delay_paymentservice_1
2026-10-02T19:15:32,shippingservice,12.1015625,0.0013301771052879829,0.0,0.0834,net_delay_paymentservice_1
2026-10-02T19:15:32,adservice,110.08984375,0.002495537780128107,0.0,0.0834,net_delay_paymentservice_1
2026-10-02T19:15:32,emailservice,36.73828125,0.00663364759567734,0.0,0.0834,net_delay_paymentservice_1
2026-10-02T19:15:32,productcatalogservice,12.84375,0.006222131638679694,0.0,0.0834,net_delay_paymentservice_1
2026-10-02T19:15:32,currencyservice,35.4921875,0.011888293915630604,0.0,0.0834,net_delay_paymentservice_1
2026-10-02T19:15:32,cartservice,54.9765625,0.005649389055730008,0.0,0.0834,net_delay_paymentservice_1
2026-10-02T19:15:32,frontend,13.29296875,0.015438418854579762,0.0,0.0834,net_delay_paymentservice_1
2026-10-02T19:15:32,recommendationservice,33.2265625,0.01033489417493916,1.0,0.0834,net_delay_paymentservice_1
2026-10-02T19:15:32,checkoutservice,6.73828125,0.0004086413410790878,0.0,0.0834,net_delay_paymentservice_1
2026-10-02T19:15:32,paymentservice,30.71875,0.0006791500000000007,0.0,0.0834,net_delay_paymentservice_1
2026-10-02T19:15:37,loadgenerator,58.9765625,0.007199075620892737,0.0,0.0805,net_delay_paymentservice_1
2026-10-02T19:15:37,redis-cart,6.3984375,0.003746867424630794,0.0,0.0805,net_delay_paymentservice_1
2026-10-02T19:15:37,shippingservice,12.1015625,0.0013921207658319733,0.0,0.0805,net_delay_paymentservice_1
2026-10-02T19:15:37,adservice,110.08984375,0.0018806404995387561,0.0,0.0805,net_delay_paymentservice_1
2026-10-02T19:15:37,emailservice,36.98046875,0.006458085891104166,0.0,0.0805,net_delay_paymentservice_1
2026-10-02T19:15:37,productcatalogservice,12.62890625,0.008641480541640155,0.0,0.0805,net_delay_paymentservice_1
2026-10-02T19:15:37,currencyservice,34.56640625,0.012978484139365662,0.0,0.0805,net_delay_paymentservice_1
2026-10-02T19:15:37,cartservice,56.171875,0.006355007877560219,0.0,0.0805,net_delay_paymentservice_1
2026-10-02T19:15:37,frontend,13.7578125,0.020641539908406947,0.0,0.0805,net_delay_paymentservice_1
2026-10-02T19:15:37,recommendationservice,33.2265625,0.008758822813260937,1.0,0.0805,net_delay_paymentservice_1
2026-10-02T19:15:37,checkoutservice,6.74609375,0.001095543122787104,0.0,0.0805,net_delay_paymentservice_1
2026-10-02T19:15:37,paymentservice,31.29296875,0.0014505109043769975,0.0,0.0805,net_delay_paymentservice_1
2026-10-02T19:15:42,loadgenerator,58.9765625,0.007391373911453133,0.0,0.0824,net_delay_paymentservice_1
2026-10-02T19:15:42,redis-cart,6.3984375,0.002957855204741562,0.0,0.0824,net_delay_paymentservice_1
2026-10-02T19:15:42,shippingservice,12.1015625,0.0013921207658319733,0.0,0.0824,net_delay_paymentservice_1
2026-10-02T19:15:42,adservice,110.08984375,0.0016827186237530153,0.0,0.0824,net_delay_paymentservice_1
2026-10-02T19:15:42,emailservice,36.98046875,0.006458085891104166,0.0,0.0824,net_delay_paymentservice_1
2026-10-02T19:15:42,productcatalogservice,12.62890625,0.008641480541640155,0.0,0.0824,net_delay_paymentservice_1
2026-10-02T19:15:42,currencyservice,34.56640625,0.011298462629138575,0.0,0.0824,net_delay_paymentservice_1
2026-10-02T19:15:42,cartservice,56.171875,0.006355007877560219,0.0,0.0824,net_delay_paymentservice_1
2026-10-02T19:15:42,frontend,13.7578125,0.02064153990840695,0.0,0.0824,net_delay_paymentservice_1
2026-10-02T19:15:42,recommendationservice,33.2265625,0.007762244775247495,1.0,0.0824,net_delay_paymentservice_1
2026-10-02T19:15:42,checkoutservice,6.74609375,0.001095543122787104,0.0,0.0824,net_delay_paymentservice_1
2026-10-02T19:15:42,paymentservice,31.29296875,0.0012071151746225375,0.0,0.0824,net_delay_paymentservice_1
2026-10-02T19:15:47,loadgenerator,58.9765625,0.007391373911453133,0.0,0.089,net_delay_paymentservice_1
2026-10-02T19:15:47,redis-cart,5.90625,0.0038193524818486047,0.0,0.089,net_delay_paymentservice_1
2026-10-02T19:15:47,shippingservice,12.1015625,0.0013273770393831738,0.0,0.089,net_delay_paymentservice_1
2026-10-02T19:15:47,adservice,109.95703125,0.0026504868780431296,0.0,0.089,net_delay_paymentservice_1
2026-10-02T19:15:47,emailservice,36.98046875,0.006060547423613558,0.0,0.089,net_delay_paymentservice_1
2026-10-02T19:15:47,productcatalogservice,12.34765625,0.008595992528173715,0.0,0.089,net_delay_paymentservice_1
2026-10-02T19:15:47,currencyservice,34.2734375,0.012750284905882682,0.0,0.089,net_delay_paymentservice_1
2026-10-02T19:15:47,cartservice,56.171875,0.006355007877560219,0.0,0.089,net_delay_paymentservice_1
2026-10-02T19:15:47,frontend,13.7578125,0.01793040274088385,0.0,0.089,net_delay_paymentservice_1
2026-10-02T19:15:47,recommendationservice,32.4765625,0.010373790944856168,1.0,0.089,net_delay_paymentservice_1
2026-10-02T19:15:47,checkoutservice,6.73828125,0.001137726936429345,0.0,0.089,net_delay_paymentservice_1
2026-10-02T19:15:47,paymentservice,31.1171875,0.0012911624414804368,0.0,0.089,net_delay_paymentservice_1
2026-10-02T19:15:53,loadgenerator,58.9765625,0.00694617833041407,0.0,0.0863,net_delay_paymentservice_1
2026-10-02T19:15:53,redis-cart,5.90625,0.0038193524818486055,0.0,0.0863,net_delay_paymentservice_1
2026-10-02T19:15:53,shippingservice,12.1015625,0.001100495118926605,0.0,0.0863,net_delay_paymentservice_1
2026-10-02T19:15:53,adservice,109.95703125,0.0026504868780431296,0.0,0.0863,net_delay_paymentservice_1
2026-10-02T19:15:53,emailservice,36.98046875,0.004734625908731569,0.0,0.0863,net_delay_paymentservice_1
2026-10-02T19:15:53,productcatalogservice,12.34765625,0.009987855709360354,0.0,0.0863,net_delay_paymentservice_1
2026-10-02T19:15:53,currencyservice,34.2734375,0.012345654465312248,0.0,0.0863,net_delay_paymentservice_1
2026-10-02T19:15:53,cartservice,56.171875,0.0054902501521675445,0.0,0.0863,net_delay_paymentservice_1
2026-10-02T19:15:53,frontend,13.7578125,0.016112138295902762,0.0,0.0863,net_delay_paymentservice_1
2026-10-02T19:15:53,recommendationservice,32.4765625,0.008932597448342969,1.0,0.0863,net_delay_paymentservice_1
2026-10-02T19:15:53,checkoutservice,6.73828125,0.001424320864741861,0.0,0.0863,net_delay_paymentservice_1
2026-10-02T19:15:53,paymentservice,31.1171875,0.0012911624414804368,0.0,0.0863,net_delay_paymentservice_1
2026-10-02T19:15:58,loadgenerator,58.9453125,0.007683763534093656,0.0,0.0635,net_delay_paymentservice_1
2026-10-02T19:15:58,redis-cart,5.90625,0.004121280535754989,0.0,0.0635,net_delay_paymentservice_1
2026-10-02T19:15:58,shippingservice,12.1015625,0.0012261950402550602,0.0,0.0635,net_delay_paymentservice_1
2026-10-02T19:15:58,adservice,109.953125,0.0023827670065370635,0.0,0.0635,net_delay_paymentservice_1
2026-10-02T19:15:58,emailservice,36.734375,0.00634016093635728,0.0,0.0635,net_delay_paymentservice_1
2026-10-02T19:15:58,productcatalogservice,12.34765625,0.008305345927031329,0.0,0.0635,net_delay_paymentservice_1
2026-10-02T19:15:58,currencyservice,34.30078125,0.012652352618805277,0.0,0.0635,net_delay_paymentservice_1
2026-10-02T19:15:58,cartservice,55.96875,0.006767325512618319,0.0,0.0635,net_delay_paymentservice_1
2026-10-02T19:15:58,frontend,14.01953125,0.02099633248762835,0.0,0.0635,net_delay_paymentservice_1
2026-10-02T19:15:58,recommendationservice,32.9765625,0.010857704930618156,1.0,0.0635,net_delay_paymentservice_1
2026-10-02T19:15:58,checkoutservice,6.73828125,0.001424320864741861,0.0,0.0635,net_delay_paymentservice_1
2026-10-02T19:15:58,paymentservice,31.140625,0.001419592273720834,0.0,0.0635,net_delay_paymentservice_1
2026-10-02T19:16:03,loadgenerator,58.9453125,0.004916974999999724,0.0,0.0693,net_delay_paymentservice_1
2026-10-02T19:16:03,redis-cart,5.90625,0.004121280535754989,0.0,0.0693,net_delay_paymentservice_1
2026-10-02T19:16:03,shippingservice,12.1015625,0.0012689804772233384,0.0,0.0693,net_delay_paymentservice_1
2026-10-02T19:16:03,adservice,109.953125,0.0016926500000000292,0.0,0.0693,net_delay_paymentservice_1
2026-10-02T19:16:03,emailservice,36.734375,0.006701962841800335,0.0,0.0693,net_delay_paymentservice_1
2026-10-02T19:16:03,productcatalogservice,12.34765625,0.007829588441131975,0.0,0.0693,net_delay_paymentservice_1
2026-10-02T19:16:03,currencyservice,34.30078125,0.011727744223282289,0.0,0.0693,net_delay_paymentservice_1
2026-10-02T19:16:03,cartservice,55.96875,0.005821892542252692,0.0,0.0693,net_delay_paymentservice_1
2026-10-02T19:16:03,frontend,14.01953125,0.0175812206853698,0.0,0.0693,net_delay_paymentservice_1
2026-10-02T19:16:03,recommendationservice,32.9765625,0.01105265345034098,1.0,0.0693,net_delay_paymentservice_1
2026-10-02T19:16:03,checkoutservice,6.73828125,0.001133421132129145,0.0,0.0693,net_delay_paymentservice_1
2026-10-02T19:16:03,paymentservice,31.140625,0.0014195922737208339,0.0,0.0693,net_delay_paymentservice_1
2026-10-02T19:16:08,loadgenerator,58.70703125,0.0071931598978150595,0.0,0.1138,net_delay_paymentservice_1
2026-10-02T19:16:08,redis-cart,6.3984375,0.004138387962647969,0.0,0.1138,net_delay_paymentservice_1
2026-10-02T19:16:08,shippingservice,12.1015625,0.0012689804772233384,0.0,0.1138,net_delay_paymentservice_1
2026-10-02T19:16:08,adservice,109.953125,0.0018260419151020328,0.0,0.1138,net_delay_paymentservice_1
2026-10-02T19:16:08,emailservice,36.734375,0.006701962841800335,0.0,0.1138,net_delay_paymentservice_1
2026-10-02T19:16:08,productcatalogservice,13.12890625,0.009419079658776936,0.0,0.1138,net_delay_paymentservice_1
2026-10-02T19:16:08,currencyservice,34.5078125,0.012090877116674448,0.0,0.1138,net_delay_paymentservice_1
2026-10-02T19:16:08,cartservice,55.96875,0.005949880316495561,0.0,0.1138,net_delay_paymentservice_1
2026-10-02T19:16:08,frontend,13.4375,0.022703508539653208,0.0,0.1138,net_delay_paymentservice_1
2026-10-02T19:16:08,recommendationservice,32.234375,0.010401316916284488,1.0,0.1138,net_delay_paymentservice_1
2026-10-02T19:16:08,checkoutservice,6.734375,0.0008548053200238156,0.0,0.1138,net_delay_paymentservice_1
2026-10-02T19:16:08,paymentservice,31.140625,0.0014195922737208339,0.0,0.1138,net_delay_paymentservice_1
2026-10-02T19:16:13,loadgenerator,58.70703125,0.006115105039129744,0.0,0.0385,net_delay_paymentservice_1
2026-10-02T19:16:13,redis-cart,6.3984375,0.004207551730806475,0.0,0.0385,net_delay_paymentservice_1
2026-10-02T19:16:13,shippingservice,12.1015625,0.0009560498915400631,0.0,0.0385,net_delay_paymentservice_1
2026-10-02T19:16:13,adservice,109.953125,0.0016193430760594611,0.0,0.0385,net_delay_paymentservice_1
2026-10-02T19:16:13,emailservice,36.734375,0.005172072274088365,0.0,0.0385,net_delay_paymentservice_1
2026-10-02T19:16:13,productcatalogservice,13.12890625,0.007668517540083079,0.0,0.0385,net_delay_paymentservice_1
2026-10-02T19:16:13,currencyservice,34.5078125,0.00856025000000038,0.0,0.0385,net_delay_paymentservice_1
2026-10-02T19:16:13,cartservice,55.96875,0.005296111259230716,0.0,0.0385,net_delay_paymentservice_1
2026-10-02T19:16:13,frontend,13.4375,0.018806135972314238,0.0,0.0385,net_delay_paymentservice_1
2026-10-02T19:16:13,recommendationservice,32.234375,0.010167641372066927,1.0,0.0385,net_delay_paymentservice_1
2026-10-02T19:16:13,checkoutservice,6.734375,0.0008548053200238155,0.0,0.0385,net_delay_paymentservice_1
2026-10-02T19:16:13,paymentservice,31.140625,0.0009470973854906733,0.0,0.0385,net_delay_paymentservice_1
2026-10-02T19:16:18,loadgenerator,58.69140625,0.006438188583355622,0.0,0.0718,net_delay_paymentservice_1
2026-10-02T19:16:18,redis-cart,6.3984375,0.004207551730806475,0.0,0.0718,net_delay_paymentservice_1
2026-10-02T19:16:18,shippingservice,12.3515625,0.0012566524864310305,0.0,0.0718,net_delay_paymentservice_1
2026-10-02T19:16:18,adservice,110.21875,0.0030181646844736247,0.0,0.0718,net_delay_paymentservice_1
2026-10-02T19:16:18,emailservice,37.23046875,0.0068533871562642835,0.0,0.0718,net_delay_paymentservice_1
2026-10-02T19:16:18,productcatalogservice,12.34375,0.007610617393343678,0.0,0.0718,net_delay_paymentservice_1
2026-10-02T19:16:18,currencyservice,34.7578125,0.012121539956894899,0.0,0.0718,net_delay_paymentservice_1
2026-10-02T19:16:18,cartservice,55.22265625,0.0071551976573938185,0.0,0.0718,net_delay_paymentservice_1
2026-10-02T19:16:18,frontend,14.421875,0.020716348633316044,0.0,0.0718,net_delay_paymentservice_1
2026-10-02T19:16:18,recommendationservice,32.234375,0.010167641372066927,1.0,0.0718,net_delay_paymentservice_1
2026-10-02T19:16:18,checkoutservice,6.73828125,0.0007730908317379238,0.0,0.0718,net_delay_paymentservice_1
2026-10-02T19:16:18,paymentservice,30.9453125,0.0012430129893120318,0.0,0.0718,net_delay_paymentservice_1
2026-10-02T19:16:23,loadgenerator,58.69140625,0.005706080411962766,0.0,0.1113,net_delay_paymentservice_1
2026-10-02T19:16:23,redis-cart,6.3984375,0.003391305800662964,0.0,0.1113,net_delay_paymentservice_1
2026-10-02T19:16:23,shippingservice,12.3515625,0.0012566524864310305,0.0,0.1113,net_delay_paymentservice_1
2026-10-02T19:16:23,adservice,110.21875,0.0025168726817549267,0.0,0.1113,net_delay_paymentservice_1
2026-10-02T19:16:23,emailservice,37.23046875,0.006953918193086584,0.0,0.1113,net_delay_paymentservice_1
2026-10-02T19:16:23,productcatalogservice,12.34375,0.006335606433316038,0.0,0.1113,net_delay_paymentservice_1
2026-10-02T19:16:23,currencyservice,34.7578125,0.010726269897589914,0.0,0.1113,net_delay_paymentservice_1
2026-10-02T19:16:23,cartservice,55.22265625,0.005366879929710611,0.0,0.1113,net_delay_paymentservice_1
2026-10-02T19:16:23,frontend,14.421875,0.018046021651536456,0.0,0.1113,net_delay_paymentservice_1
2026-10-02T19:16:23,recommendationservice,32.234375,0.007888597443215663,1.0,0.1113,net_delay_paymentservice_1
2026-10-02T19:16:23,checkoutservice,6.73828125,0.0007730908317379238,0.0,0.1113,net_delay_paymentservice_1
2026-10-02T19:16:23,paymentservice,30.9453125,0.0012430129893120318,0.0,0.1113,net_delay_paymentservice_1
2026-10-02T19:16:29,loadgenerator,58.69140625,0.005706080411962766,0.0,0.1276,net_delay_paymentservice_1
2026-10-02T19:16:29,redis-cart,6.3984375,0.004250701380316532,0.0,0.1276,net_delay_paymentservice_1
2026-10-02T19:16:29,shippingservice,12.1171875,0.001313075015880298,0.0,0.1276,net_delay_paymentservice_1
2026-10-02T19:16:29,adservice,110.21484375,0.0026407100191046693,0.0,0.1276,net_delay_paymentservice_1
2026-10-02T19:16:29,emailservice,37.23046875,0.005576607770968372,0.0,0.1276,net_delay_paymentservice_1
2026-10-02T19:16:29,productcatalogservice,13.1328125,0.006745132656564236,0.0,0.1276,net_delay_paymentservice_1
2026-10-02T19:16:29,currencyservice,34.890625,0.012120391601698994,0.0,0.1276,net_delay_paymentservice_1
2026-10-02T19:16:29,cartservice,55.69140625,0.006109840098401094,0.0,0.1276,net_delay_paymentservice_1
2026-10-02T19:16:29,frontend,14.421875,0.015410199677977873,0.0,0.1276,net_delay_paymentservice_1
2026-10-02T19:16:29,recommendationservice,32.26171875,0.009882907581542,1.0,0.1276,net_delay_paymentservice_1
2026-10-02T19:16:29,checkoutservice,6.73828125,0.0005401329243353722,0.0,0.1276,net_delay_paymentservice_1
2026-10-02T19:16:29,paymentservice,30.9453125,0.0011574610916839994,0.0,0.1276,net_delay_paymentservice_1
2026-10-02T19:16:34,loadgenerator,58.69140625,0.004506472106687794,0.0,0.0633,net_delay_paymentservice_1
2026-10-02T19:16:34,redis-cart,6.3984375,0.004250701380316532,0.0,0.0633,net_delay_paymentservice_1
2026-10-02T19:16:34,shippingservice,12.1171875,0.0013130750158802979,0.0,0.0633,net_delay_paymentservice_1
2026-10-02T19:16:34,adservice,110.21484375,0.0021779182529509675,0.0,0.0633,net_delay_paymentservice_1
2026-10-02T19:16:34,emailservice,37.23046875,0.005019905711381906,0.0,0.0633,net_delay_paymentservice_1
2026-10-02T19:16:34,productcatalogservice,13.1328125,0.006745132656564236,0.0,0.0633,net_delay_paymentservice_1
2026-10-02T19:16:34,currencyservice,34.890625,0.010410484439590837,0.0,0.0633,net_delay_paymentservice_1
2026-10-02T19:16:34,cartservice,55.69140625,0.006109840098401094,0.0,0.0633,net_delay_paymentservice_1
2026-10-02T19:16:34,frontend,14.421875,0.014623068807913763,0.0,0.0633,net_delay_paymentservice_1
2026-10-02T19:16:34,recommendationservice,32.26171875,0.007937429771594397,1.0,0.0633,net_delay_paymentservice_1
2026-10-02T19:16:34,checkoutservice,6.73828125,0.0004239233256646168,0.0,0.0633,net_delay_paymentservice_1
2026-10-02T19:16:34,paymentservice,30.9453125,0.001036576811503238,0.0,0.0633,net_delay_paymentservice_1
2026-10-02T19:16:39,loadgenerator,58.7890625,0.0059879154078553015,0.0,0.0599,net_delay_paymentservice_1
2026-10-02T19:16:39,redis-cart,6.3984375,0.0034737312556799363,0.0,0.0599,net_delay_paymentservice_1
2026-10-02T19:16:39,shippingservice,12.1171875,0.0014593396514828178,0.0,0.0599,net_delay_paymentservice_1
2026-10-02T19:16:39,adservice,110.21484375,0.002277436429304401,0.0,0.0599,net_delay_paymentservice_1
2026-10-02T19:16:39,emailservice,36.734375,0.006799380130675356,0.0,0.0599,net_delay_paymentservice_1
2026-10-02T19:16:39,productcatalogservice,13.1328125,0.005595986889640908,0.0,0.0599,net_delay_paymentservice_1
2026-10-02T19:16:39,currencyservice,36.07421875,0.01299373698569382,0.0,0.0599,net_delay_paymentservice_1
2026-10-02T19:16:39,cartservice,55.69140625,0.00590283942187343,0.0,0.0599,net_delay_paymentservice_1
2026-10-02T19:16:39,frontend,14.58203125,0.02041400843881858,0.0,0.0599,net_delay_paymentservice_1
2026-10-02T19:16:39,recommendationservice,32.96875,0.008978302519398452,1.0,0.0599,net_delay_paymentservice_1
2026-10-02T19:16:39,checkoutservice,6.734375,0.0005575705362911892,0.0,0.0599,net_delay_paymentservice_1
2026-10-02T19:16:39,paymentservice,31.390625,0.0015345211581291728,0.0,0.0599,net_delay_paymentservice_1
