time,service,memory_mb,cpu_cores,restarts,label
2026-10-02T13:34:02,loadgenerator,49.734375,0.007777107261047246,0.0,healthy
2026-10-02T13:34:02,redis-cart,5.88671875,0.0045486981417459625,0.0,healthy
2026-10-02T13:34:02,checkoutservice,9.74609375,0.0012730688170072737,0.0,healthy
2026-10-02T13:34:02,shippingservice,8.328125,0.0020447249968617185,0.0,healthy
2026-10-02T13:34:02,recommendationservice,33.33984375,0.016042335134243135,1.0,healthy
2026-10-02T13:34:02,adservice,97.3984375,0.003185199999999888,0.0,healthy
2026-10-02T13:34:02,frontend,13.80859375,0.02572037471568929,0.0,healthy
2026-10-02T13:34:02,emailservice,36.9296875,0.007064005114726158,0.0,healthy
2026-10-02T13:34:02,paymentservice,34.8359375,0.0009439765307088239,0.0,healthy
2026-10-02T13:34:02,currencyservice,36.68359375,0.015293009837198134,0.0,healthy
2026-10-02T13:34:02,productcatalogservice,9.7421875,0.014754912925387562,0.0,healthy
2026-10-02T13:34:02,cartservice,63.53125,0.008068697818931474,0.0,healthy
2026-10-02T13:34:07,loadgenerator,49.734375,0.007777107261047246,0.0,healthy
2026-10-02T13:34:07,redis-cart,5.88671875,0.0038682634408312307,0.0,healthy
2026-10-02T13:34:07,checkoutservice,9.74609375,0.0010869320107517325,0.0,healthy
2026-10-02T13:34:07,shippingservice,8.328125,0.0020601965601965712,0.0,healthy
2026-10-02T13:34:07,recommendationservice,33.33984375,0.01721091621514029,1.0,healthy
2026-10-02T13:34:07,adservice,97.3984375,0.003537113900033623,0.0,healthy
2026-10-02T13:34:07,frontend,13.80859375,0.02683130709232733,0.0,healthy
2026-10-02T13:34:07,emailservice,36.9296875,0.005812910942198866,0.0,healthy
2026-10-02T13:34:07,paymentservice,34.8359375,0.0007545086412889288,0.0,healthy
2026-10-02T13:34:07,currencyservice,36.68359375,0.012791666666666875,0.0,healthy
2026-10-02T13:34:07,productcatalogservice,9.7421875,0.01475491292538756,0.0,healthy
2026-10-02T13:34:07,cartservice,63.53125,0.00787372095377667,0.0,healthy
2026-10-02T13:34:12,loadgenerator,49.734375,0.008424937148329792,0.0,healthy
2026-10-02T13:34:12,redis-cart,6.13671875,0.00452478331250134,0.0,healthy
2026-10-02T13:34:12,checkoutservice,9.5390625,0.00180150691699604,0.0,healthy
2026-10-02T13:34:12,shippingservice,8.328125,0.0020601965601965717,0.0,healthy
2026-10-02T13:34:12,recommendationservice,33.33984375,0.01721091621514029,1.0,healthy
2026-10-02T13:34:12,adservice,96.66015625,0.004526296958854959,0.0,healthy
2026-10-02T13:34:12,frontend,15.34765625,0.03889713516631458,0.0,healthy
2026-10-02T13:34:12,emailservice,36.9453125,0.007063559028978478,0.0,healthy
2026-10-02T13:34:12,paymentservice,35.13671875,0.0009366656133975859,0.0,healthy
2026-10-02T13:34:12,currencyservice,36.24609375,0.02165988893133169,0.0,healthy
2026-10-02T13:34:12,productcatalogservice,9.3515625,0.017277554210937716,0.0,healthy
2026-10-02T13:34:12,cartservice,63.0546875,0.01047107472712006,0.0,healthy
2026-10-02T13:34:17,loadgenerator,49.734375,0.0066795710024341376,0.0,healthy
2026-10-02T13:34:17,redis-cart,6.13671875,0.004641420211098376,0.0,healthy
2026-10-02T13:34:17,checkoutservice,9.5390625,0.00180150691699604,0.0,healthy
2026-10-02T13:34:17,shippingservice,8.328125,0.002146237549657418,0.0,healthy
2026-10-02T13:34:17,recommendationservice,33.33984375,0.013157673734323855,1.0,healthy
2026-10-02T13:34:17,adservice,96.66015625,0.0037613150536671483,0.0,healthy
2026-10-02T13:34:17,frontend,15.34765625,0.03889713516631458,0.0,healthy
2026-10-02T13:34:17,emailservice,36.9453125,0.007063559028978478,0.0,healthy
2026-10-02T13:34:17,paymentservice,35.13671875,0.0009118756464074861,0.0,healthy
2026-10-02T13:34:17,currencyservice,36.24609375,0.02165988893133169,0.0,healthy
2026-10-02T13:34:17,productcatalogservice,9.3515625,0.017277554210937716,0.0,healthy
2026-10-02T13:34:17,cartservice,63.0546875,0.010800819142056486,0.0,healthy
2026-10-02T13:34:22,loadgenerator,49.734375,0.008283490839343738,0.0,healthy
2026-10-02T13:34:22,redis-cart,6.13671875,0.003698077338860471,0.0,healthy
2026-10-02T13:34:22,checkoutservice,9.5390625,0.0011669249999999743,0.0,healthy
2026-10-02T13:34:22,shippingservice,8.09765625,0.002495653207121215,0.0,healthy
2026-10-02T13:34:22,recommendationservice,32.84375,0.017996324108596213,1.0,healthy
2026-10-02T13:34:22,adservice,96.91015625,0.004438014562413754,0.0,healthy
2026-10-02T13:34:22,frontend,15.34765625,0.03133861144651702,0.0,healthy
2026-10-02T13:34:22,emailservice,36.9453125,0.007063559028978478,0.0,healthy
2026-10-02T13:34:22,paymentservice,35.13671875,0.0009118756464074861,0.0,healthy
2026-10-02T13:34:22,currencyservice,36.34375,0.02052389622212136,0.0,healthy
2026-10-02T13:34:22,productcatalogservice,9.2109375,0.017739739979629673,0.0,healthy
2026-10-02T13:34:22,cartservice,62.8046875,0.011576607505290009,0.0,healthy
2026-10-02T13:34:27,loadgenerator,49.734375,0.0082484550308992,0.0,healthy
2026-10-02T13:34:27,redis-cart,6.13671875,0.0032994392588614474,0.0,healthy
2026-10-02T13:34:27,checkoutservice,9.5390625,0.0013364466952111443,0.0,healthy
2026-10-02T13:34:27,shippingservice,8.09765625,0.002770563727037463,0.0,healthy
2026-10-02T13:34:27,recommendationservice,32.84375,0.017996324108596213,1.0,healthy
2026-10-02T13:34:27,adservice,96.91015625,0.004438014562413754,0.0,healthy
2026-10-02T13:34:27,frontend,15.34765625,0.02939333333333379,0.0,healthy
2026-10-02T13:34:27,emailservice,36.9453125,0.006111953961561169,0.0,healthy
2026-10-02T13:34:27,paymentservice,35.13671875,0.000712714406268371,0.0,healthy
2026-10-02T13:34:27,currencyservice,36.34375,0.018780165493392842,0.0,healthy
2026-10-02T13:34:27,productcatalogservice,9.2109375,0.017739739979629673,0.0,healthy
2026-10-02T13:34:27,cartservice,62.8046875,0.011576607505290005,0.0,healthy
2026-10-02T13:34:32,loadgenerator,49.734375,0.006730258145336945,0.0,healthy
2026-10-02T13:34:32,redis-cart,5.88671875,0.004547060608688054,0.0,healthy
2026-10-02T13:34:32,checkoutservice,9.5546875,0.0019351514570552172,0.0,healthy
2026-10-02T13:34:32,shippingservice,8.09765625,0.0023237410619594955,0.0,healthy
2026-10-02T13:34:32,recommendationservice,33.5859375,0.017420437223840915,1.0,healthy
2026-10-02T13:34:32,adservice,96.91015625,0.003670484599480753,0.0,healthy
2026-10-02T13:34:32,frontend,14.80859375,0.03733343852728523,0.0,healthy
2026-10-02T13:34:32,emailservice,36.671875,0.0071898731680375095,0.0,healthy
2026-10-02T13:34:32,paymentservice,34.82421875,0.0009904017551076389,0.0,healthy
2026-10-02T13:34:32,currencyservice,36.828125,0.01814219893395968,0.0,healthy
2026-10-02T13:34:32,productcatalogservice,9.2109375,0.018885455514117976,0.0,healthy
2026-10-02T13:34:32,cartservice,63.03515625,0.011577841451766916,0.0,healthy
2026-10-02T13:34:37,loadgenerator,49.734375,0.006031201581468238,0.0,healthy
2026-10-02T13:34:37,redis-cart,5.88671875,0.004488075781328087,0.0,healthy
2026-10-02T13:34:37,checkoutservice,9.5546875,0.0016052296353101588,0.0,healthy
2026-10-02T13:34:37,shippingservice,8.09765625,0.0020889357860930705,0.0,healthy
2026-10-02T13:34:37,recommendationservice,33.5859375,0.01745152338038294,1.0,healthy
2026-10-02T13:34:37,adservice,96.91015625,0.003116710361820421,0.0,healthy
2026-10-02T13:34:37,frontend,14.80859375,0.03733343852728523,0.0,healthy
2026-10-02T13:34:37,emailservice,36.671875,0.006824423646362052,0.0,healthy
2026-10-02T13:34:37,paymentservice,34.82421875,0.0010262987712869186,0.0,healthy
2026-10-02T13:34:37,currencyservice,36.828125,0.01814219893395968,0.0,healthy
2026-10-02T13:34:37,productcatalogservice,9.2109375,0.015495280181139872,0.0,healthy
2026-10-02T13:34:37,cartservice,63.03515625,0.011577841451766916,0.0,healthy
2026-10-02T13:34:42,loadgenerator,50.2109375,0.008191725210180783,0.0,healthy
2026-10-02T13:34:42,redis-cart,6.37890625,0.004524799107142794,0.0,healthy
2026-10-02T13:34:42,checkoutservice,9.2421875,0.0018977458211946493,0.0,healthy
2026-10-02T13:34:42,shippingservice,8.828125,0.0024695250952025912,0.0,healthy
2026-10-02T13:34:42,recommendationservice,33.5859375,0.01745152338038294,1.0,healthy
2026-10-02T13:34:42,adservice,97.16015625,0.003973020190627863,0.0,healthy
2026-10-02T13:34:42,frontend,14.625,0.027752338745210527,0.0,healthy
2026-10-02T13:34:42,emailservice,36.671875,0.006824423646362052,0.0,healthy
2026-10-02T13:34:42,paymentservice,34.828125,0.000961205851450734,0.0,healthy
2026-10-02T13:34:42,currencyservice,36.828125,0.011246574999999835,0.0,healthy
2026-10-02T13:34:42,productcatalogservice,9.50390625,0.017935227747596944,0.0,healthy
2026-10-02T13:34:42,cartservice,63.03515625,0.011577841451766916,0.0,healthy
2026-10-02T13:34:47,loadgenerator,50.2109375,0.008191725210180783,0.0,healthy
2026-10-02T13:34:47,redis-cart,6.37890625,0.004524799107142795,0.0,healthy
2026-10-02T13:34:47,checkoutservice,9.2421875,0.0018977458211946493,0.0,healthy
2026-10-02T13:34:47,shippingservice,8.828125,0.0025588880977809284,0.0,healthy
2026-10-02T13:34:47,recommendationservice,33.5859375,0.014290688922791832,1.0,healthy
2026-10-02T13:34:47,adservice,97.16015625,0.003253634987734948,0.0,healthy
2026-10-02T13:34:47,frontend,14.625,0.03378063355590086,0.0,healthy
2026-10-02T13:34:47,emailservice,36.671875,0.006824423646362052,0.0,healthy
2026-10-02T13:34:47,paymentservice,34.828125,0.0008080461350917953,0.0,healthy
2026-10-02T13:34:47,currencyservice,36.828125,0.012884383340174442,0.0,healthy
2026-10-02T13:34:47,productcatalogservice,9.50390625,0.017382778007178364,0.0,healthy
2026-10-02T13:34:47,cartservice,63.03515625,0.007422849999999936,0.0,healthy
2026-10-02T13:34:52,loadgenerator,49.75,0.007955409309094106,0.0,healthy
2026-10-02T13:34:52,redis-cart,6.37890625,0.004551618666908842,0.0,healthy
2026-10-02T13:34:52,checkoutservice,9.2421875,0.0016284796865221102,0.0,healthy
2026-10-02T13:34:52,shippingservice,8.08984375,0.0025332811590713035,0.0,healthy
2026-10-02T13:34:52,recommendationservice,33.37109375,0.016296336163935953,1.0,healthy
2026-10-02T13:34:52,adservice,97.16015625,0.0029222475982879554,0.0,healthy
2026-10-02T13:34:52,frontend,15.5859375,0.03315407020005549,0.0,healthy
2026-10-02T13:34:52,emailservice,36.671875,0.006754882506527487,0.0,healthy
2026-10-02T13:34:52,paymentservice,34.828125,0.0009839971201361386,0.0,healthy
2026-10-02T13:34:52,currencyservice,37.26171875,0.015061956228708501,0.0,healthy
2026-10-02T13:34:52,productcatalogservice,8.9765625,0.01733301362397839,0.0,healthy
2026-10-02T13:34:52,cartservice,63.81640625,0.010763522279621641,0.0,healthy
2026-10-02T13:34:57,loadgenerator,49.75,0.007930480919665441,0.0,healthy
2026-10-02T13:34:57,redis-cart,6.37890625,0.0035763016119791705,0.0,healthy
2026-10-02T13:34:57,checkoutservice,9.2421875,0.0016284796865221102,0.0,healthy
2026-10-02T13:34:57,shippingservice,8.08984375,0.0025332811590713035,0.0,healthy
2026-10-02T13:34:57,recommendationservice,33.37109375,0.012526735447646794,1.0,healthy
2026-10-02T13:34:57,adservice,97.16015625,0.0025902729896039047,0.0,healthy
2026-10-02T13:34:57,frontend,15.5859375,0.03315407020005549,0.0,healthy
2026-10-02T13:34:57,emailservice,36.671875,0.006754882506527486,0.0,healthy
2026-10-02T13:34:57,paymentservice,34.828125,0.000760912673037274,0.0,healthy
2026-10-02T13:34:57,currencyservice,37.26171875,0.012477450056164028,0.0,healthy
2026-10-02T13:34:57,productcatalogservice,8.9765625,0.01733301362397839,0.0,healthy
2026-10-02T13:34:57,cartservice,63.81640625,0.010763522279621641,0.0,healthy
2026-10-02T13:35:03,loadgenerator,50.25390625,0.007890244815452562,0.0,healthy
2026-10-02T13:35:03,redis-cart,6.12890625,0.004510272708632344,0.0,healthy
2026-10-02T13:35:03,checkoutservice,8.99609375,0.001874910002399895,0.0,healthy
2026-10-02T13:35:03,shippingservice,8.08984375,0.0021944591183893783,0.0,healthy
2026-10-02T13:35:03,recommendationservice,33.37109375,0.012278678836579545,1.0,healthy
2026-10-02T13:35:03,adservice,96.66015625,0.0035441023867173395,0.0,healthy
2026-10-02T13:35:03,frontend,15.5859375,0.02722526036011083,0.0,healthy
2026-10-02T13:35:03,emailservice,36.671875,0.006754882506527486,0.0,healthy
2026-10-02T13:35:03,paymentservice,34.828125,0.0012532992374081147,0.0,healthy
2026-10-02T13:35:03,currencyservice,36.96484375,0.016840003601494468,0.0,healthy
2026-10-02T13:35:03,productcatalogservice,8.9765625,0.01733301362397839,0.0,healthy
2026-10-02T13:35:03,cartservice,63.81640625,0.009161820468394947,0.0,healthy
2026-10-02T13:35:08,loadgenerator,50.25390625,0.006812371621621614,0.0,healthy
2026-10-02T13:35:08,redis-cart,6.12890625,0.0045086691965454855,0.0,healthy
2026-10-02T13:35:08,checkoutservice,8.99609375,0.001874910002399895,0.0,healthy
2026-10-02T13:35:08,shippingservice,8.08984375,0.0018077405602512102,0.0,healthy
2026-10-02T13:35:08,recommendationservice,33.37109375,0.011024573721323132,1.0,healthy
2026-10-02T13:35:08,adservice,96.66015625,0.0035441023867173395,0.0,healthy
2026-10-02T13:35:08,frontend,15.5859375,0.025759849044321357,0.0,healthy
2026-10-02T13:35:08,emailservice,36.671875,0.005457044414273337,0.0,healthy
2026-10-02T13:35:08,paymentservice,34.828125,0.0008577000000000057,0.0,healthy
2026-10-02T13:35:08,currencyservice,36.96484375,0.016840003601494468,0.0,healthy
2026-10-02T13:35:08,productcatalogservice,8.9765625,0.013471702932307598,0.0,healthy
2026-10-02T13:35:08,cartservice,63.81640625,0.007283359637386733,0.0,healthy
2026-10-02T13:35:13,loadgenerator,50.01171875,0.006586563432140187,0.0,healthy
2026-10-02T13:35:13,redis-cart,6.37890625,0.00464173519129453,0.0,healthy
2026-10-02T13:35:13,checkoutservice,8.99609375,0.001874910002399895,0.0,healthy
2026-10-02T13:35:13,shippingservice,8.578125,0.0021655947941243417,0.0,healthy
2026-10-02T13:35:13,recommendationservice,33.08984375,0.016373889737967114,1.0,healthy
2026-10-02T13:35:13,adservice,96.65625,0.00374881757099645,0.0,healthy
2026-10-02T13:35:13,frontend,14.8828125,0.033491342151284374,0.0,healthy
2026-10-02T13:35:13,emailservice,37.15234375,0.007349403789116881,0.0,healthy
2026-10-02T13:35:13,paymentservice,34.875,0.0012564294072248208,0.0,healthy
2026-10-02T13:35:13,currencyservice,36.96484375,0.016840003601494468,0.0,healthy
2026-10-02T13:35:13,productcatalogservice,9.73046875,0.01642827598745537,0.0,healthy
2026-10-02T13:35:13,cartservice,63.01953125,0.010123558332950417,0.0,healthy
2026-10-02T13:35:18,loadgenerator,50.01171875,0.006169888888888881,0.0,healthy
2026-10-02T13:35:18,redis-cart,6.37890625,0.003953262712754633,0.0,healthy
2026-10-02T13:35:18,checkoutservice,8.99609375,0.001874910002399895,0.0,healthy
2026-10-02T13:35:18,shippingservice,8.578125,0.0022835553500736836,0.0,healthy
2026-10-02T13:35:18,recommendationservice,33.08984375,0.013703950250748087,1.0,healthy
2026-10-02T13:35:18,adservice,96.65625,0.0038043173862310313,0.0,healthy
2026-10-02T13:35:18,frontend,14.8828125,0.027265580739878538,0.0,healthy
2026-10-02T13:35:18,emailservice,37.15234375,0.007349403789116881,0.0,healthy
2026-10-02T13:35:18,paymentservice,34.875,0.0012564294072248206,0.0,healthy
2026-10-02T13:35:18,currencyservice,36.96484375,0.01377124413147709,0.0,healthy
2026-10-02T13:35:18,productcatalogservice,9.73046875,0.01642827598745537,0.0,healthy
2026-10-02T13:35:18,cartservice,63.01953125,0.008600525223748764,0.0,healthy
2026-10-02T13:35:23,loadgenerator,50.01171875,0.00815558243564,0.0,healthy
2026-10-02T13:35:23,redis-cart,6.625,0.004624924683671505,0.0,healthy
2026-10-02T13:35:23,checkoutservice,8.99609375,0.0023978313506684964,0.0,healthy
2026-10-02T13:35:23,shippingservice,8.578125,0.0022835553500736836,0.0,healthy
2026-10-02T13:35:23,recommendationservice,33.08203125,0.01621965363838555,1.0,healthy
2026-10-02T13:35:23,adservice,97.15625,0.0037557525717379883,0.0,healthy
2026-10-02T13:35:23,frontend,14.8828125,0.02449126123011164,0.0,healthy
2026-10-02T13:35:23,emailservice,37.15625,0.0073763353644061445,0.0,healthy
2026-10-02T13:35:23,paymentservice,34.875,0.0010014894102538443,0.0,healthy
2026-10-02T13:35:23,currencyservice,36.84765625,0.016432396772867952,0.0,healthy
2026-10-02T13:35:23,productcatalogservice,9.73046875,0.01291793388634425,0.0,healthy
2026-10-02T13:35:23,cartservice,63.01953125,0.007917734147169663,0.0,healthy
2026-10-02T13:35:28,loadgenerator,50.01171875,0.0070848903882143955,0.0,healthy
2026-10-02T13:35:28,redis-cart,6.625,0.004624924683671505,0.0,healthy
2026-10-02T13:35:28,checkoutservice,8.99609375,0.0023978313506684964,0.0,healthy
2026-10-02T13:35:28,shippingservice,8.578125,0.0018163684698904838,0.0,healthy
2026-10-02T13:35:28,recommendationservice,33.08203125,0.01621965363838555,1.0,healthy
2026-10-02T13:35:28,adservice,97.15625,0.003755752571737988,0.0,healthy
2026-10-02T13:35:28,frontend,14.8828125,0.021632434701622183,0.0,healthy
2026-10-02T13:35:28,emailservice,37.15625,0.006364558484514698,0.0,healthy
2026-10-02T13:35:28,paymentservice,34.875,0.0010569797454744966,0.0,healthy
2026-10-02T13:35:28,currencyservice,36.84765625,0.01881808406337976,0.0,healthy
2026-10-02T13:35:28,productcatalogservice,9.73046875,0.011508318705067253,0.0,healthy
2026-10-02T13:35:28,cartservice,63.01953125,0.007057731116118355,0.0,healthy
2026-10-02T13:35:33,loadgenerator,50.01171875,0.006637884037369719,0.0,healthy
2026-10-02T13:35:33,redis-cart,6.625,0.003837197233938166,0.0,healthy
2026-10-02T13:35:33,checkoutservice,8.99609375,0.0023978313506684964,0.0,healthy
2026-10-02T13:35:33,shippingservice,8.08984375,0.0018575927442212282,0.0,healthy
2026-10-02T13:35:33,recommendationservice,33.08203125,0.01733056355165121,1.0,healthy
2026-10-02T13:35:33,adservice,97.15625,0.0024449750000000493,0.0,healthy
2026-10-02T13:35:33,frontend,14.890625,0.031426274980888874,0.0,healthy
2026-10-02T13:35:33,emailservice,37.15625,0.0077716081378774015,0.0,healthy
2026-10-02T13:35:33,paymentservice,34.83203125,0.0014227826973897747,0.0,healthy
2026-10-02T13:35:33,currencyservice,36.515625,0.016688117302052816,0.0,healthy
2026-10-02T13:35:33,productcatalogservice,9.01953125,0.015222741736476602,0.0,healthy
2026-10-02T13:35:33,cartservice,63.0390625,0.009350969915204982,0.0,healthy
2026-10-02T13:35:38,loadgenerator,50.01171875,0.0059219412173617215,0.0,healthy
2026-10-02T13:35:38,redis-cart,6.625,0.00286382500000002,0.0,healthy
2026-10-02T13:35:38,checkoutservice,8.99609375,0.0019356493578271438,0.0,healthy
2026-10-02T13:35:38,shippingservice,8.08984375,0.0015520651776154413,0.0,healthy
2026-10-02T13:35:38,recommendationservice,33.08203125,0.014072200971896386,1.0,healthy
2026-10-02T13:35:38,adservice,97.15625,0.0027838458800452785,0.0,healthy
2026-10-02T13:35:38,frontend,14.890625,0.025823770771256107,0.0,healthy
2026-10-02T13:35:38,emailservice,37.15625,0.006089443556433837,0.0,healthy
2026-10-02T13:35:38,paymentservice,34.83203125,0.0009928562163427626,0.0,healthy
2026-10-02T13:35:38,currencyservice,36.515625,0.016688117302052816,0.0,healthy
2026-10-02T13:35:38,productcatalogservice,9.01953125,0.012025936765052595,0.0,healthy
2026-10-02T13:35:38,cartservice,63.0390625,0.009350969915204982,0.0,healthy
2026-10-02T13:35:43,loadgenerator,50.28125,0.008167078390607815,0.0,healthy
2026-10-02T13:35:43,redis-cart,6.13671875,0.004326408357894252,0.0,healthy
2026-10-02T13:35:43,checkoutservice,9.01953125,0.002143690309435899,0.0,healthy
2026-10-02T13:35:43,shippingservice,8.85546875,0.0021105570759311796,0.0,healthy
2026-10-02T13:35:43,recommendationservice,32.6015625,0.01642976707973769,1.0,healthy
2026-10-02T13:35:43,adservice,96.79296875,0.004056079727805732,0.0,healthy
2026-10-02T13:35:43,frontend,15.03515625,0.030404343768558568,0.0,healthy
2026-10-02T13:35:43,emailservice,37.66015625,0.007057671280679261,0.0,healthy
2026-10-02T13:35:43,paymentservice,34.83203125,0.001043178486347791,0.0,healthy
2026-10-02T13:35:43,currencyservice,36.92578125,0.012121867316710208,0.0,healthy
2026-10-02T13:35:43,productcatalogservice,8.79296875,0.01416397680273336,0.0,healthy
2026-10-02T13:35:43,cartservice,63.015625,0.009042547983764018,0.0,healthy
2026-10-02T13:35:48,loadgenerator,50.28125,0.008167078390607815,0.0,healthy
2026-10-02T13:35:48,redis-cart,6.13671875,0.004326408357894252,0.0,healthy
2026-10-02T13:35:48,checkoutservice,9.01953125,0.002143690309435899,0.0,healthy
2026-10-02T13:35:48,shippingservice,8.85546875,0.0017788595808144179,0.0,healthy
2026-10-02T13:35:48,recommendationservice,32.6015625,0.012588232778624557,1.0,healthy
2026-10-02T13:35:48,adservice,96.79296875,0.0033427392394541643,0.0,healthy
2026-10-02T13:35:48,frontend,15.03515625,0.028461796833102994,0.0,healthy
2026-10-02T13:35:48,emailservice,37.66015625,0.005295970825034608,0.0,healthy
2026-10-02T13:35:48,paymentservice,34.83203125,0.001043178486347791,0.0,healthy
2026-10-02T13:35:48,currencyservice,36.92578125,0.014159727420562299,0.0,healthy
2026-10-02T13:35:48,productcatalogservice,8.79296875,0.01416397680273336,0.0,healthy
2026-10-02T13:35:48,cartservice,63.015625,0.008033506592664313,0.0,healthy
2026-10-02T13:35:53,loadgenerator,49.9609375,0.007237414227294784,0.0,healthy
2026-10-02T13:35:53,redis-cart,6.1328125,0.004174983961140154,0.0,healthy
2026-10-02T13:35:53,checkoutservice,9.01953125,0.002143690309435899,0.0,healthy
2026-10-02T13:35:53,shippingservice,8.3359375,0.00162913115911439,0.0,healthy
2026-10-02T13:35:53,recommendationservice,32.59765625,0.014042646856513838,1.0,healthy
2026-10-02T13:35:53,adservice,96.54296875,0.0038994592158629444,0.0,healthy
2026-10-02T13:35:53,frontend,15.03515625,0.028461796833102994,0.0,healthy
2026-10-02T13:35:53,emailservice,36.671875,0.0064990293356342365,0.0,healthy
2026-10-02T13:35:53,paymentservice,35.08203125,0.0010177351616657562,0.0,healthy
2026-10-02T13:35:53,currencyservice,36.92578125,0.011825693018163445,0.0,healthy
2026-10-02T13:35:53,productcatalogservice,9.5078125,0.012242147967195985,0.0,healthy
2026-10-02T13:35:53,cartservice,63.015625,0.008033506592664314,0.0,healthy
2026-10-02T13:35:58,loadgenerator,49.9609375,0.007237414227294784,0.0,healthy
2026-10-02T13:35:58,redis-cart,6.1328125,0.004174983961140154,0.0,healthy
2026-10-02T13:35:58,checkoutservice,9.01953125,0.0015314984770391756,0.0,healthy
2026-10-02T13:35:58,shippingservice,8.3359375,0.0015589750980392412,0.0,healthy
2026-10-02T13:35:58,recommendationservice,32.59765625,0.014042646856513838,1.0,healthy
2026-10-02T13:35:58,adservice,96.54296875,0.0038994592158629444,0.0,healthy
2026-10-02T13:35:58,frontend,15.03515625,0.021690379594047376,0.0,healthy
2026-10-02T13:35:58,emailservice,36.671875,0.0064990293356342365,0.0,healthy
2026-10-02T13:35:58,paymentservice,35.08203125,0.0008762982446153734,0.0,healthy
2026-10-02T13:35:58,currencyservice,36.92578125,0.010202219800567012,0.0,healthy
2026-10-02T13:35:58,productcatalogservice,9.5078125,0.012242147967195985,0.0,healthy
2026-10-02T13:35:58,cartservice,63.015625,0.006111389721536968,0.0,healthy
2026-10-02T13:36:04,loadgenerator,49.9609375,0.006166859935579022,0.0,healthy
2026-10-02T13:36:04,redis-cart,6.1328125,0.0033089771575596574,0.0,healthy
2026-10-02T13:36:04,checkoutservice,9.3046875,0.0013513010636229525,0.0,healthy
2026-10-02T13:36:04,shippingservice,9.08984375,0.001794089009696136,0.0,healthy
2026-10-02T13:36:04,recommendationservice,32.59765625,0.007938874999999969,1.0,healthy
2026-10-02T13:36:04,adservice,96.54296875,0.0038994592158629444,0.0,healthy
2026-10-02T13:36:04,frontend,14.37109375,0.026292450299543906,0.0,healthy
2026-10-02T13:36:04,emailservice,36.671875,0.004940415720812869,0.0,healthy
2026-10-02T13:36:04,paymentservice,35.13671875,0.000933839643315954,0.0,healthy
2026-10-02T13:36:04,currencyservice,36.578125,0.014439078358747335,0.0,healthy
2026-10-02T13:36:04,productcatalogservice,9.5078125,0.008128650000000093,0.0,healthy
2026-10-02T13:36:04,cartservice,63.0390625,0.007765917331399572,0.0,healthy
2026-10-02T13:36:09,loadgenerator,49.9609375,0.005574769186102511,0.0,healthy
2026-10-02T13:36:09,redis-cart,6.1328125,0.0029701022901117537,0.0,healthy
2026-10-02T13:36:09,checkoutservice,9.3046875,0.0013513010636229525,0.0,healthy
2026-10-02T13:36:09,shippingservice,9.08984375,0.0019014045411646714,0.0,healthy
2026-10-02T13:36:09,recommendationservice,32.59765625,0.008714697171774463,1.0,healthy
2026-10-02T13:36:09,adservice,96.54296875,0.003211625002427178,0.0,healthy
2026-10-02T13:36:09,frontend,14.37109375,0.026292450299543906,0.0,healthy
2026-10-02T13:36:09,emailservice,36.671875,0.0044372476736328085,0.0,healthy
2026-10-02T13:36:09,paymentservice,35.13671875,0.0007726510736808431,0.0,healthy
2026-10-02T13:36:09,currencyservice,36.578125,0.014439078358747335,0.0,healthy
2026-10-02T13:36:09,productcatalogservice,9.5078125,0.009108614675835782,0.0,healthy
2026-10-02T13:36:09,cartservice,63.0390625,0.007765917331399572,0.0,healthy
2026-10-02T13:36:14,loadgenerator,50.0234375,0.0072586700073076224,0.0,healthy
2026-10-02T13:36:14,redis-cart,6.3828125,0.0042038213957289634,0.0,healthy
2026-10-02T13:36:14,checkoutservice,9.8125,0.0010777441667790425,0.0,healthy
2026-10-02T13:36:14,shippingservice,9.08984375,0.0015420179561674242,0.0,healthy
2026-10-02T13:36:14,recommendationservice,32.8515625,0.0142513353115728,1.0,healthy
2026-10-02T13:36:14,adservice,97.40234375,0.003987116931206715,0.0,healthy
2026-10-02T13:36:14,frontend,14.5078125,0.026301473561256495,0.0,healthy
2026-10-02T13:36:14,emailservice,36.671875,0.0063230858334298945,0.0,healthy
2026-10-02T13:36:14,paymentservice,35.13671875,0.0006378427776003778,0.0,healthy
2026-10-02T13:36:14,currencyservice,36.31640625,0.01535400684395336,0.0,healthy
2026-10-02T13:36:14,productcatalogservice,9.0078125,0.012677964448562612,0.0,healthy
2026-10-02T13:36:14,cartservice,63.06640625,0.00786225717340942,0.0,healthy
2026-10-02T13:36:19,loadgenerator,50.0234375,0.006078037784248511,0.0,healthy
2026-10-02T13:36:19,redis-cart,6.3828125,0.004465814287997342,0.0,healthy
2026-10-02T13:36:19,checkoutservice,9.8125,0.000474680197466472,0.0,healthy
2026-10-02T13:36:19,shippingservice,9.08984375,0.0013820147640284173,0.0,healthy
2026-10-02T13:36:19,recommendationservice,32.8515625,0.014348311372649487,1.0,healthy
2026-10-02T13:36:19,adservice,97.40234375,0.0038952582146222835,0.0,healthy
2026-10-02T13:36:19,frontend,14.5078125,0.026301473561256495,0.0,healthy
2026-10-02T13:36:19,emailservice,36.671875,0.005577982564631189,0.0,healthy
2026-10-02T13:36:19,paymentservice,35.13671875,0.000572824189750135,0.0,healthy
2026-10-02T13:36:19,currencyservice,36.31640625,0.01535400684395336,0.0,healthy
2026-10-02T13:36:19,productcatalogservice,9.0078125,0.010497389779977757,0.0,healthy
2026-10-02T13:36:19,cartservice,63.06640625,0.00786225717340942,0.0,healthy
2026-10-02T13:36:24,loadgenerator,50.0234375,0.0054735479120447735,0.0,healthy
2026-10-02T13:36:24,redis-cart,6.13671875,0.004464882867370464,0.0,healthy
2026-10-02T13:36:24,checkoutservice,9.8125,0.0005692064083457574,0.0,healthy
2026-10-02T13:36:24,shippingservice,9.34375,0.0017664629524350747,0.0,healthy
2026-10-02T13:36:24,recommendationservice,32.85546875,0.015070489844683425,1.0,healthy
2026-10-02T13:36:24,adservice,97.15234375,0.004623338289312705,0.0,healthy
2026-10-02T13:36:24,frontend,14.27734375,0.027872990915443104,0.0,healthy
2026-10-02T13:36:24,emailservice,36.91796875,0.0069429135152910635,0.0,healthy
2026-10-02T13:36:24,paymentservice,34.875,0.0006465992713714332,0.0,healthy
2026-10-02T13:36:24,currencyservice,36.31640625,0.015025594209513663,0.0,healthy
2026-10-02T13:36:24,productcatalogservice,9.0546875,0.013481264800111416,0.0,healthy
2026-10-02T13:36:24,cartservice,63.06640625,0.006328310416047857,0.0,healthy
2026-10-02T13:36:29,loadgenerator,50.0234375,0.004870726913477567,0.0,healthy
2026-10-02T13:36:29,redis-cart,6.13671875,0.004464882867370464,0.0,healthy
2026-10-02T13:36:29,checkoutservice,9.8125,0.00045676916915052545,0.0,healthy
2026-10-02T13:36:29,shippingservice,9.34375,0.0017664629524350747,0.0,healthy
2026-10-02T13:36:29,recommendationservice,32.85546875,0.015070489844683425,1.0,healthy
2026-10-02T13:36:29,adservice,97.15234375,0.004623338289312705,0.0,healthy
2026-10-02T13:36:29,frontend,14.27734375,0.027872990915443104,0.0,healthy
2026-10-02T13:36:29,emailservice,36.91796875,0.0069429135152910635,0.0,healthy
2026-10-02T13:36:29,paymentservice,34.875,0.0005837305898725402,0.0,healthy
2026-10-02T13:36:29,currencyservice,36.31640625,0.011650282290274037,0.0,healthy
2026-10-02T13:36:29,productcatalogservice,9.0546875,0.013481264800111416,0.0,healthy
2026-10-02T13:36:29,cartservice,63.06640625,0.005684015978754829,0.0,healthy
2026-10-02T13:36:34,loadgenerator,50.03125,0.007666495623302117,0.0,healthy
2026-10-02T13:36:34,redis-cart,6.13671875,0.004496845572924719,0.0,healthy
2026-10-02T13:36:34,checkoutservice,9.24609375,0.001231416918826475,0.0,healthy
2026-10-02T13:36:34,shippingservice,9.34375,0.001528202967562721,0.0,healthy
2026-10-02T13:36:34,recommendationservice,32.85546875,0.016307117803580153,1.0,healthy
2026-10-02T13:36:34,adservice,97.15234375,0.004247636184428232,0.0,healthy
2026-10-02T13:36:34,frontend,14.8125,0.027607389549011287,0.0,healthy
2026-10-02T13:36:34,emailservice,37.421875,0.007019402215290921,0.0,healthy
2026-10-02T13:36:34,paymentservice,34.90234375,0.0006968336066607698,0.0,healthy
2026-10-02T13:36:34,currencyservice,36.171875,0.013817720713072874,0.0,healthy
2026-10-02T13:36:34,productcatalogservice,9.34765625,0.01492669548292501,0.0,healthy
2026-10-02T13:36:34,cartservice,63.05078125,0.008010137522970941,0.0,healthy
2026-10-02T13:36:39,loadgenerator,50.03125,0.006370921750427588,0.0,healthy
2026-10-02T13:36:39,redis-cart,6.13671875,0.003523896822652794,0.0,healthy
2026-10-02T13:36:39,checkoutservice,9.24609375,0.0013004165380676072,0.0,healthy
2026-10-02T13:36:39,shippingservice,9.34375,0.0013658584823233806,0.0,healthy
2026-10-02T13:36:39,recommendationservice,32.85546875,0.012342857465529818,1.0,healthy
2026-10-02T13:36:39,adservice,97.15234375,0.003813679732339125,0.0,healthy
2026-10-02T13:36:39,frontend,14.8125,0.02515591326837575,0.0,healthy
2026-10-02T13:36:39,emailservice,37.421875,0.007019402215290921,0.0,healthy
2026-10-02T13:36:39,paymentservice,34.90234375,0.0005897283456681023,0.0,healthy
2026-10-02T13:36:39,currencyservice,36.171875,0.01283862952791941,0.0,healthy
2026-10-02T13:36:39,productcatalogservice,9.34765625,0.01492669548292501,0.0,healthy
2026-10-02T13:36:39,cartservice,63.05078125,0.007167799152044248,0.0,healthy
2026-10-02T13:36:44,loadgenerator,50.0078125,0.007993044098631242,0.0,healthy
2026-10-02T13:36:44,redis-cart,5.88671875,0.00455063112385672,0.0,healthy
2026-10-02T13:36:44,checkoutservice,10.0234375,0.0020026371887568056,0.0,healthy
2026-10-02T13:36:44,shippingservice,8.83984375,0.0021614041076407106,0.0,healthy
2026-10-02T13:36:44,recommendationservice,32.61328125,0.016749852088510448,1.0,healthy
2026-10-02T13:36:44,adservice,96.671875,0.005684207042626501,0.0,healthy
2026-10-02T13:36:44,frontend,14.8125,0.02407608052859782,0.0,healthy
2026-10-02T13:36:44,emailservice,37.1640625,0.007052126495191839,0.0,healthy
2026-10-02T13:36:44,paymentservice,34.90234375,0.0005341551590478793,0.0,healthy
2026-10-02T13:36:44,currencyservice,36.171875,0.010210776040713108,0.0,healthy
2026-10-02T13:36:44,productcatalogservice,9.34765625,0.012521382894980669,0.0,healthy
2026-10-02T13:36:44,cartservice,63.05078125,0.00681708459380793,0.0,healthy
2026-10-02T13:36:49,loadgenerator,50.0078125,0.006914669969856743,0.0,healthy
2026-10-02T13:36:49,redis-cart,5.88671875,0.003053100000000075,0.0,healthy
2026-10-02T13:36:49,checkoutservice,10.0234375,0.0020026371887568056,0.0,healthy
2026-10-02T13:36:49,shippingservice,8.83984375,0.002161404107640711,0.0,healthy
2026-10-02T13:36:49,recommendationservice,32.61328125,0.016749852088510448,1.0,healthy
2026-10-02T13:36:49,adservice,96.671875,0.004696999999999996,0.0,healthy
2026-10-02T13:36:49,frontend,14.8125,0.021589726520884516,0.0,healthy
2026-10-02T13:36:49,emailservice,37.1640625,0.007032100507421247,0.0,healthy
2026-10-02T13:36:49,paymentservice,34.90234375,0.0004746618856990407,0.0,healthy
2026-10-02T13:36:49,currencyservice,36.171875,0.009122916165380735,0.0,healthy
2026-10-02T13:36:49,productcatalogservice,9.34765625,0.011360085152242334,0.0,healthy
2026-10-02T13:36:49,cartservice,63.05078125,0.006101581859428542,0.0,healthy
2026-10-02T13:36:54,loadgenerator,50.0078125,0.006220680992047633,0.0,healthy
2026-10-02T13:36:54,redis-cart,5.88671875,0.004455455002513893,0.0,healthy
2026-10-02T13:36:54,checkoutservice,10.0234375,0.0028316841714228066,0.0,healthy
2026-10-02T13:36:54,shippingservice,8.34765625,0.0019345143877592707,0.0,healthy
2026-10-02T13:36:54,recommendationservice,32.61328125,0.016749852088510448,1.0,healthy
2026-10-02T13:36:54,adservice,97.16796875,0.005725687985882644,0.0,healthy
2026-10-02T13:36:54,frontend,15.03125,0.030074268216732307,0.0,healthy
2026-10-02T13:36:54,emailservice,37.1640625,0.005780757755738157,0.0,healthy
2026-10-02T13:36:54,paymentservice,34.8515625,0.0009813796692232926,0.0,healthy
2026-10-02T13:36:54,currencyservice,37.01171875,0.013353101784240375,0.0,healthy
2026-10-02T13:36:54,productcatalogservice,9.54296875,0.01489908018867922,0.0,healthy
2026-10-02T13:36:54,cartservice,63.36328125,0.008708975096397615,0.0,healthy
2026-10-02T13:36:59,loadgenerator,49.78125,0.007416465232455119,0.0,healthy
2026-10-02T13:36:59,redis-cart,6.62890625,0.004407739053064004,0.0,healthy
2026-10-02T13:36:59,checkoutservice,9.59375,0.0019451427637091898,0.0,healthy
2026-10-02T13:36:59,shippingservice,8.33984375,0.0016692986530422627,0.0,healthy
2026-10-02T13:36:59,recommendationservice,33.0859375,0.015753485994684218,1.0,healthy
2026-10-02T13:36:59,adservice,97.16796875,0.005725687985882644,0.0,healthy
2026-10-02T13:36:59,frontend,14.8125,0.02857778245802104,0.0,healthy
2026-10-02T13:36:59,emailservice,36.9140625,0.006836418579519268,0.0,healthy
2026-10-02T13:36:59,paymentservice,34.85546875,0.0010254789479380926,0.0,healthy
2026-10-02T13:36:59,currencyservice,36.76171875,0.013671019642896125,0.0,healthy
2026-10-02T13:36:59,productcatalogservice,9.54296875,0.01489908018867922,0.0,healthy
2026-10-02T13:36:59,cartservice,63.62109375,0.008530488649632802,0.0,healthy
2026-10-02T13:37:04,loadgenerator,49.78125,0.0072321168345689585,0.0,healthy
2026-10-02T13:37:04,redis-cart,6.62890625,0.004407739053064004,0.0,healthy
2026-10-02T13:37:04,checkoutservice,9.59375,0.0019451427637091898,0.0,healthy
2026-10-02T13:37:04,shippingservice,8.33984375,0.0016692986530422627,0.0,healthy
2026-10-02T13:37:04,recommendationservice,33.0859375,0.015379931389365574,1.0,healthy
2026-10-02T13:37:04,adservice,97.16796875,0.004806619636015382,0.0,healthy
2026-10-02T13:37:04,frontend,14.8125,0.02679083694434987,0.0,healthy
2026-10-02T13:37:04,emailservice,36.9140625,0.005741078721227285,0.0,healthy
2026-10-02T13:37:04,paymentservice,34.85546875,0.0010254789479380926,0.0,healthy
2026-10-02T13:37:04,currencyservice,36.76171875,0.013671019642896125,0.0,healthy
2026-10-02T13:37:04,productcatalogservice,9.54296875,0.011097171945288111,0.0,healthy
2026-10-02T13:37:04,cartservice,63.62109375,0.008530488649632802,0.0,healthy
2026-10-02T13:37:10,loadgenerator,49.98828125,0.0069995330673232594,0.0,healthy
2026-10-02T13:37:10,redis-cart,6.62890625,0.004390092569427051,0.0,healthy
2026-10-02T13:37:10,checkoutservice,9.59375,0.0016139773143066078,0.0,healthy
2026-10-02T13:37:10,shippingservice,8.33984375,0.0016692986530422627,0.0,healthy
2026-10-02T13:37:10,recommendationservice,33.0859375,0.015379931389365572,1.0,healthy
2026-10-02T13:37:10,adservice,97.4140625,0.004639546171581015,0.0,healthy
2026-10-02T13:37:10,frontend,14.8125,0.02679083694434987,0.0,healthy
2026-10-02T13:37:10,emailservice,36.67578125,0.006546719381251704,0.0,healthy
2026-10-02T13:37:10,paymentservice,34.85546875,0.0010254789479380926,0.0,healthy
2026-10-02T13:37:10,currencyservice,36.76171875,0.014848232494901498,0.0,healthy
2026-10-02T13:37:10,productcatalogservice,9.01953125,0.013119987524505229,0.0,healthy
2026-10-02T13:37:10,cartservice,63.62109375,0.008496022999520871,0.0,healthy
2026-10-02T13:37:15,loadgenerator,49.98828125,0.0069995330673232594,0.0,healthy
2026-10-02T13:37:15,redis-cart,6.62890625,0.003662922514107786,0.0,healthy
2026-10-02T13:37:15,checkoutservice,9.59375,0.0016139773143066078,0.0,healthy
2026-10-02T13:37:15,shippingservice,8.33984375,0.0009395499999999669,0.0,healthy
2026-10-02T13:37:15,recommendationservice,33.0859375,0.011618769168096222,1.0,healthy
2026-10-02T13:37:15,adservice,97.4140625,0.004639546171581015,0.0,healthy
2026-10-02T13:37:15,frontend,14.8125,0.021780652759790395,0.0,healthy
2026-10-02T13:37:15,emailservice,36.67578125,0.005746696633864035,0.0,healthy
2026-10-02T13:37:15,paymentservice,34.85546875,0.0009131821047579733,0.0,healthy
2026-10-02T13:37:15,currencyservice,36.76171875,0.01147916854180835,0.0,healthy
2026-10-02T13:37:15,productcatalogservice,9.01953125,0.013119987524505229,0.0,healthy
2026-10-02T13:37:15,cartservice,63.62109375,0.00703757445136562,0.0,healthy
2026-10-02T13:37:20,loadgenerator,49.98828125,0.0069995330673232594,0.0,healthy
2026-10-02T13:37:20,redis-cart,6.1328125,0.004301166013332923,0.0,healthy
2026-10-02T13:37:20,checkoutservice,9.59765625,0.0012935698788472227,0.0,healthy
2026-10-02T13:37:20,shippingservice,8.84375,0.0016248931441271938,0.0,healthy
2026-10-02T13:37:20,recommendationservice,33.10546875,0.01441093308199793,1.0,healthy
2026-10-02T13:37:20,adservice,96.671875,0.0036316599732262238,0.0,healthy
2026-10-02T13:37:20,frontend,14.33203125,0.02663410412960936,0.0,healthy
2026-10-02T13:37:20,emailservice,36.67578125,0.005203073291627873,0.0,healthy
2026-10-02T13:37:20,paymentservice,34.87109375,0.0009819785567637513,0.0,healthy
2026-10-02T13:37:20,currencyservice,36.64453125,0.014395190054009964,0.0,healthy
2026-10-02T13:37:20,productcatalogservice,9.84375,0.013287639941196458,0.0,healthy
2026-10-02T13:37:20,cartservice,62.984375,0.009015652458212496,0.0,healthy
2026-10-02T13:37:25,loadgenerator,49.98828125,0.006364743444846184,0.0,healthy
2026-10-02T13:37:25,redis-cart,6.1328125,0.004301166013332923,0.0,healthy
2026-10-02T13:37:25,checkoutservice,9.59765625,0.0005952327850571294,0.0,healthy
2026-10-02T13:37:25,shippingservice,8.84375,0.0016248931441271938,0.0,healthy
2026-10-02T13:37:25,recommendationservice,33.10546875,0.01441093308199793,1.0,healthy
2026-10-02T13:37:25,adservice,96.671875,0.0036316599732262233,0.0,healthy
2026-10-02T13:37:25,frontend,14.33203125,0.022841703636043317,0.0,healthy
2026-10-02T13:37:25,emailservice,36.67578125,0.004649051287447668,0.0,healthy
2026-10-02T13:37:25,paymentservice,34.87109375,0.000770803256915178,0.0,healthy
2026-10-02T13:37:25,currencyservice,36.64453125,0.013991797977422267,0.0,healthy
2026-10-02T13:37:25,productcatalogservice,9.84375,0.013287639941196458,0.0,healthy
2026-10-02T13:37:25,cartservice,62.984375,0.009015652458212496,0.0,healthy
2026-10-02T13:37:30,loadgenerator,50.26953125,0.0068537388424718395,0.0,healthy
2026-10-02T13:37:30,redis-cart,6.3828125,0.0043219710669077545,0.0,healthy
2026-10-02T13:37:30,checkoutservice,9.59765625,0.0005952327850571294,0.0,healthy
2026-10-02T13:37:30,shippingservice,8.84375,0.0016248931441271938,0.0,healthy
2026-10-02T13:37:30,recommendationservice,32.33203125,0.015005681929890042,1.0,healthy
2026-10-02T13:37:30,adservice,96.671875,0.0036316599732262233,0.0,healthy
2026-10-02T13:37:30,frontend,14.546875,0.027231520331520504,0.0,healthy
2026-10-02T13:37:30,emailservice,36.91796875,0.00632075818073345,0.0,healthy
2026-10-02T13:37:30,paymentservice,34.87109375,0.000770803256915178,0.0,healthy
2026-10-02T13:37:30,currencyservice,36.64453125,0.013991797977422267,0.0,healthy
2026-10-02T13:37:30,productcatalogservice,9.21484375,0.013625051805261003,0.0,healthy
2026-10-02T13:37:30,cartservice,63.63671875,0.009272085505047142,0.0,healthy
2026-10-02T13:37:35,loadgenerator,50.26953125,0.007227791199045921,0.0,healthy
2026-10-02T13:37:35,redis-cart,6.3828125,0.004355026642983994,0.0,healthy
2026-10-02T13:37:35,checkoutservice,9.59765625,0.0004818558203233727,0.0,healthy
2026-10-02T13:37:35,shippingservice,8.84375,0.001735184278192723,0.0,healthy
2026-10-02T13:37:35,recommendationservice,32.33203125,0.015005681929890042,1.0,healthy
2026-10-02T13:37:35,adservice,96.671875,0.003602033169332911,0.0,healthy
2026-10-02T13:37:35,frontend,14.546875,0.027231520331520504,0.0,healthy
2026-10-02T13:37:35,emailservice,36.91796875,0.00632075818073345,0.0,healthy
2026-10-02T13:37:35,paymentservice,34.87109375,0.0006373194028988921,0.0,healthy
2026-10-02T13:37:35,currencyservice,36.64453125,0.010936688889052115,0.0,healthy
2026-10-02T13:37:35,productcatalogservice,9.21484375,0.013625051805261003,0.0,healthy
2026-10-02T13:37:35,cartservice,63.63671875,0.009272085505047142,0.0,healthy
2026-10-02T13:37:40,loadgenerator,50.26953125,0.007227791199045921,0.0,healthy
2026-10-02T13:37:40,redis-cart,6.3828125,0.004355026642983994,0.0,healthy
2026-10-02T13:37:40,checkoutservice,9.86328125,0.0009439170644011639,0.0,healthy
2026-10-02T13:37:40,shippingservice,8.84375,0.0017800376153610535,0.0,healthy
2026-10-02T13:37:40,recommendationservice,32.33203125,0.01563170847666189,1.0,healthy
2026-10-02T13:37:40,adservice,97.171875,0.003743576297849904,0.0,healthy
2026-10-02T13:37:40,frontend,15.51171875,0.02835425628597357,0.0,healthy
2026-10-02T13:37:40,emailservice,36.6796875,0.006558269596357079,0.0,healthy
2026-10-02T13:37:40,paymentservice,35.1484375,0.00089006952371069,0.0,healthy
2026-10-02T13:37:40,currencyservice,36.5625,0.014490513227655794,0.0,healthy
2026-10-02T13:37:40,productcatalogservice,9.21484375,0.013625051805261003,0.0,healthy
2026-10-02T13:37:40,cartservice,63.63671875,0.009272085505047142,0.0,healthy
2026-10-02T13:37:45,loadgenerator,50.26953125,0.005788768087112541,0.0,healthy
2026-10-02T13:37:45,redis-cart,6.3828125,0.003623861281212217,0.0,healthy
2026-10-02T13:37:45,checkoutservice,9.86328125,0.0011351979126893131,0.0,healthy
2026-10-02T13:37:45,shippingservice,8.84375,0.0017800376153610535,0.0,healthy
2026-10-02T13:37:45,recommendationservice,32.33203125,0.015631708476661895,1.0,healthy
2026-10-02T13:37:45,adservice,97.171875,0.003743576297849904,0.0,healthy
2026-10-02T13:37:45,frontend,15.51171875,0.02987867790743108,0.0,healthy
2026-10-02T13:37:45,emailservice,36.6796875,0.00655826959635708,0.0,healthy
2026-10-02T13:37:45,paymentservice,35.1484375,0.0009468944471038719,0.0,healthy
2026-10-02T13:37:45,currencyservice,36.5625,0.014490513227655794,0.0,healthy
2026-10-02T13:37:45,productcatalogservice,9.21484375,0.00915372500000018,0.0,healthy
2026-10-02T13:37:45,cartservice,63.63671875,0.009983731570920204,0.0,healthy
2026-10-02T13:37:50,loadgenerator,50.06640625,0.007078005976179382,0.0,healthy
2026-10-02T13:37:50,redis-cart,6.6328125,0.004392250319961191,0.0,healthy
2026-10-02T13:37:50,checkoutservice,10.125,0.0011832516513956995,0.0,healthy
2026-10-02T13:37:50,shippingservice,8.11328125,0.00191271707474921,0.0,healthy
2026-10-02T13:37:50,recommendationservice,33.09765625,0.015539239662072041,1.0,healthy
2026-10-02T13:37:50,adservice,97.171875,0.0038676784746357186,0.0,healthy
2026-10-02T13:37:50,frontend,15.51171875,0.02400270391162468,0.0,healthy
2026-10-02T13:37:50,emailservice,37.41796875,0.006616443933091401,0.0,healthy
2026-10-02T13:37:50,paymentservice,34.81640625,0.0011307224994575955,0.0,healthy
2026-10-02T13:37:50,currencyservice,36.5625,0.014490513227655794,0.0,healthy
2026-10-02T13:37:50,productcatalogservice,8.96875,0.01410294789762358,0.0,healthy
2026-10-02T13:37:50,cartservice,63.3828125,0.009561988997950643,0.0,healthy
2026-10-02T13:37:55,loadgenerator,50.06640625,0.0073458025772550235,0.0,healthy
2026-10-02T13:37:55,redis-cart,6.6328125,0.004392250319961191,0.0,healthy
2026-10-02T13:37:55,checkoutservice,10.125,0.0011832516513956995,0.0,healthy
2026-10-02T13:37:55,shippingservice,8.11328125,0.00191271707474921,0.0,healthy
2026-10-02T13:37:55,recommendationservice,33.09765625,0.015763079988613846,1.0,healthy
2026-10-02T13:37:55,adservice,97.171875,0.003227883878296082,0.0,healthy
2026-10-02T13:37:55,frontend,15.51171875,0.021479449562342122,0.0,healthy
2026-10-02T13:37:55,emailservice,37.41796875,0.006690024117518096,0.0,healthy
2026-10-02T13:37:55,paymentservice,34.81640625,0.0011307224994575955,0.0,healthy
2026-10-02T13:37:55,currencyservice,36.5625,0.011353043216080804,0.0,healthy
2026-10-02T13:37:55,productcatalogservice,8.96875,0.01410294789762358,0.0,healthy
2026-10-02T13:37:55,cartservice,63.3828125,0.009561988997950643,0.0,healthy
2026-10-02T13:38:00,loadgenerator,49.8046875,0.007408028825961135,0.0,healthy
2026-10-02T13:38:00,redis-cart,6.6328125,0.004380691413095465,0.0,healthy
2026-10-02T13:38:00,checkoutservice,9.6640625,0.0014067225703113886,0.0,healthy
2026-10-02T13:38:00,shippingservice,8.11328125,0.0015011601192228032,0.0,healthy
2026-10-02T13:38:00,recommendationservice,33.09765625,0.015763079988613846,1.0,healthy
2026-10-02T13:38:00,adservice,97.1796875,0.004100006710358674,0.0,healthy
2026-10-02T13:38:00,frontend,13.83203125,0.03080312136035441,0.0,healthy
2026-10-02T13:38:00,emailservice,37.41796875,0.006690024117518096,0.0,healthy
2026-10-02T13:38:00,paymentservice,34.81640625,0.0009164500000000019,0.0,healthy
2026-10-02T13:38:00,currencyservice,36.73828125,0.01566192415653048,0.0,healthy
2026-10-02T13:38:00,productcatalogservice,8.96875,0.01410294789762358,0.0,healthy
2026-10-02T13:38:00,cartservice,63.3828125,0.007733173382192505,0.0,healthy
2026-10-02T13:38:05,loadgenerator,49.8046875,0.007408028825961135,0.0,healthy
2026-10-02T13:38:05,redis-cart,6.6328125,0.0033457713196325483,0.0,healthy
2026-10-02T13:38:05,checkoutservice,9.6640625,0.0014067225703113886,0.0,healthy
2026-10-02T13:38:05,shippingservice,8.11328125,0.0014462516448336376,0.0,healthy
2026-10-02T13:38:05,recommendationservice,33.09765625,0.01276848886777693,1.0,healthy
2026-10-02T13:38:05,adservice,97.1796875,0.004100006710358674,0.0,healthy
2026-10-02T13:38:05,frontend,13.83203125,0.03080312136035441,0.0,healthy
2026-10-02T13:38:05,emailservice,37.41796875,0.004520124999999987,0.0,healthy
2026-10-02T13:38:05,paymentservice,34.81640625,0.0010082394861476672,0.0,healthy
2026-10-02T13:38:05,currencyservice,36.73828125,0.01566192415653048,0.0,healthy
2026-10-02T13:38:05,productcatalogservice,8.96875,0.01111603916175683,0.0,healthy
2026-10-02T13:38:05,cartservice,63.3828125,0.006947033646101703,0.0,healthy
2026-10-02T13:38:10,loadgenerator,49.8046875,0.005894214678131518,0.0,healthy
2026-10-02T13:38:10,redis-cart,5.88671875,0.004576532546031271,0.0,healthy
2026-10-02T13:38:10,checkoutservice,9.6640625,0.0014067225703113886,0.0,healthy
2026-10-02T13:38:10,shippingservice,8.09765625,0.0017109049602423252,0.0,healthy
2026-10-02T13:38:10,recommendationservice,32.58984375,0.014867066281197579,1.0,healthy
2026-10-02T13:38:10,adservice,96.87109375,0.004623695991671057,0.0,healthy
2026-10-02T13:38:10,frontend,16.015625,0.02862902956006391,0.0,healthy
2026-10-02T13:38:10,emailservice,36.671875,0.006597552761562655,0.0,healthy
2026-10-02T13:38:10,paymentservice,34.828125,0.0013332313006974557,0.0,healthy
2026-10-02T13:38:10,currencyservice,36.4296875,0.014372079014602511,0.0,healthy
2026-10-02T13:38:10,productcatalogservice,9.4375,0.013135996948602905,0.0,healthy
2026-10-02T13:38:10,cartservice,63.40625,0.008914983706134074,0.0,healthy
2026-10-02T13:38:15,loadgenerator,49.8046875,0.005288375662251713,0.0,healthy
2026-10-02T13:38:15,redis-cart,5.88671875,0.004663933486238522,0.0,healthy
2026-10-02T13:38:15,checkoutservice,9.6640625,0.0009950810514865955,0.0,healthy
2026-10-02T13:38:15,shippingservice,8.09765625,0.0017109049602423252,0.0,healthy
2026-10-02T13:38:15,recommendationservice,32.58984375,0.014867066281197579,1.0,healthy
2026-10-02T13:38:15,adservice,96.87109375,0.004623695991671057,0.0,healthy
2026-10-02T13:38:15,frontend,16.015625,0.02862902956006391,0.0,healthy
2026-10-02T13:38:15,emailservice,36.671875,0.006597552761562655,0.0,healthy
2026-10-02T13:38:15,paymentservice,34.828125,0.0013332313006974557,0.0,healthy
2026-10-02T13:38:15,currencyservice,36.4296875,0.013808102902288505,0.0,healthy
2026-10-02T13:38:15,productcatalogservice,9.4375,0.012193019780664928,0.0,healthy
2026-10-02T13:38:15,cartservice,63.40625,0.008416309561880508,0.0,healthy
2026-10-02T13:38:21,loadgenerator,50.05078125,0.0068803540118561116,0.0,healthy
2026-10-02T13:38:21,redis-cart,6.62890625,0.00466544542622599,0.0,healthy
2026-10-02T13:38:21,checkoutservice,9.671875,0.0011339515837649177,0.0,healthy
2026-10-02T13:38:21,shippingservice,8.34765625,0.0015440313111545817,0.0,healthy
2026-10-02T13:38:21,recommendationservice,32.5859375,0.01559941679626732,1.0,healthy
2026-10-02T13:38:21,adservice,96.87109375,0.004244882956625849,0.0,healthy
2026-10-02T13:38:21,frontend,15.05859375,0.029223699914748057,0.0,healthy
2026-10-02T13:38:21,emailservice,36.671875,0.006597552761562655,0.0,healthy
2026-10-02T13:38:21,paymentservice,35.59765625,0.0013925573996944269,0.0,healthy
2026-10-02T13:38:21,currencyservice,37.00390625,0.014330263773997098,0.0,healthy
2026-10-02T13:38:21,productcatalogservice,8.984375,0.012998941169914287,0.0,healthy
2026-10-02T13:38:21,cartservice,63.14453125,0.008573906758221929,0.0,healthy
2026-10-02T13:38:26,loadgenerator,50.05078125,0.006939855532384521,0.0,healthy
2026-10-02T13:38:26,redis-cart,6.62890625,0.00466544542622599,0.0,healthy
2026-10-02T13:38:26,checkoutservice,9.671875,0.0011339515837649177,0.0,healthy
2026-10-02T13:38:26,shippingservice,8.34765625,0.0015440313111545819,0.0,healthy
2026-10-02T13:38:26,recommendationservice,32.5859375,0.01559941679626732,1.0,healthy
2026-10-02T13:38:26,adservice,96.87109375,0.004045174211402621,0.0,healthy
2026-10-02T13:38:26,frontend,15.05859375,0.02841501910219679,0.0,healthy
2026-10-02T13:38:26,emailservice,36.671875,0.00503700241287009,0.0,healthy
2026-10-02T13:38:26,paymentservice,35.59765625,0.0013925573996944266,0.0,healthy
2026-10-02T13:38:26,currencyservice,37.00390625,0.014330263773997098,0.0,healthy
2026-10-02T13:38:26,productcatalogservice,8.984375,0.01086494852029051,0.0,healthy
2026-10-02T13:38:26,cartservice,63.14453125,0.008573906758221929,0.0,healthy
2026-10-02T13:38:31,loadgenerator,50.30078125,0.007212768817204333,0.0,healthy
2026-10-02T13:38:31,redis-cart,6.62890625,0.004795301532731741,0.0,healthy
2026-10-02T13:38:31,checkoutservice,9.6953125,0.00098186961266901,0.0,healthy
2026-10-02T13:38:31,shippingservice,8.34765625,0.0012109580234833525,0.0,healthy
2026-10-02T13:38:31,recommendationservice,32.5859375,0.01573194666024472,1.0,healthy
2026-10-02T13:38:31,adservice,96.59375,0.005294368070953468,0.0,healthy
2026-10-02T13:38:31,frontend,15.05859375,0.02385961795646294,0.0,healthy
2026-10-02T13:38:31,emailservice,36.671875,0.007013851542198606,0.0,healthy
2026-10-02T13:38:31,paymentservice,34.88671875,0.001401144075169654,0.0,healthy
2026-10-02T13:38:31,currencyservice,36.30078125,0.014573640786842234,0.0,healthy
2026-10-02T13:38:31,productcatalogservice,8.984375,0.013254651780967429,0.0,healthy
2026-10-02T13:38:31,cartservice,63.14453125,0.006924030398278266,0.0,healthy
2026-10-02T13:38:36,loadgenerator,50.30078125,0.007212768817204333,0.0,healthy
2026-10-02T13:38:36,redis-cart,6.62890625,0.004795301532731741,0.0,healthy
2026-10-02T13:38:36,checkoutservice,9.6953125,0.00098186961266901,0.0,healthy
2026-10-02T13:38:36,shippingservice,8.34765625,0.0009744737075887164,0.0,healthy
2026-10-02T13:38:36,recommendationservice,32.5859375,0.01573194666024472,1.0,healthy
2026-10-02T13:38:36,adservice,96.59375,0.005294368070953468,0.0,healthy
2026-10-02T13:38:36,frontend,15.05859375,0.015110224999999389,0.0,healthy
2026-10-02T13:38:36,emailservice,36.671875,0.007069670889144863,0.0,healthy
2026-10-02T13:38:36,paymentservice,34.88671875,0.001401144075169654,0.0,healthy
2026-10-02T13:38:36,currencyservice,36.30078125,0.01829544186989812,0.0,healthy
2026-10-02T13:38:36,productcatalogservice,8.984375,0.013254651780967429,0.0,healthy
2026-10-02T13:38:36,cartservice,63.14453125,0.0062012387063753996,0.0,healthy
2026-10-02T13:38:41,loadgenerator,50.30078125,0.00706680478087634,0.0,healthy
2026-10-02T13:38:41,redis-cart,6.6328125,0.004772899697687404,0.0,healthy
2026-10-02T13:38:41,checkoutservice,10.22265625,0.0019172755178907678,0.0,healthy
2026-10-02T13:38:41,shippingservice,8.1015625,0.0018536362011972124,0.0,healthy
2026-10-02T13:38:41,recommendationservice,32.609375,0.016778046372957663,1.0,healthy
2026-10-02T13:38:41,adservice,96.59375,0.004589076551412758,0.0,healthy
2026-10-02T13:38:41,frontend,14.1015625,0.0349466508451589,0.0,healthy
2026-10-02T13:38:41,emailservice,37.1875,0.0076642105670302685,0.0,healthy
2026-10-02T13:38:41,paymentservice,34.88671875,0.001401144075169654,0.0,healthy
2026-10-02T13:38:41,currencyservice,36.7578125,0.017822529931067883,0.0,healthy
2026-10-02T13:38:41,productcatalogservice,9.23828125,0.015354184369348519,0.0,healthy
2026-10-02T13:38:41,cartservice,63.45703125,0.01003208736533644,0.0,healthy
2026-10-02T13:38:46,loadgenerator,50.30078125,0.005433165630677173,0.0,healthy
2026-10-02T13:38:46,redis-cart,6.6328125,0.0046986049594745114,0.0,healthy
2026-10-02T13:38:46,checkoutservice,10.22265625,0.0022666999002990975,0.0,healthy
2026-10-02T13:38:46,shippingservice,8.1015625,0.00205136063586153,0.0,healthy
2026-10-02T13:38:46,recommendationservice,32.609375,0.014944308681373038,1.0,healthy
2026-10-02T13:38:46,adservice,96.59375,0.0041184044122894534,0.0,healthy
2026-10-02T13:38:46,frontend,14.1015625,0.0349466508451589,0.0,healthy
2026-10-02T13:38:46,emailservice,37.1875,0.0076642105670302685,0.0,healthy
2026-10-02T13:38:46,paymentservice,34.88671875,0.0010024750000000137,0.0,healthy
2026-10-02T13:38:46,currencyservice,36.7578125,0.017822529931067883,0.0,healthy
2026-10-02T13:38:46,productcatalogservice,9.23828125,0.01185724999999991,0.0,healthy
2026-10-02T13:38:46,cartservice,63.45703125,0.011006635315338567,0.0,healthy
2026-10-02T13:38:51,loadgenerator,50.3125,0.00805508771929817,0.0,healthy
2026-10-02T13:38:51,redis-cart,6.6328125,0.0046986049594745114,0.0,healthy
2026-10-02T13:38:51,checkoutservice,10.22265625,0.0022666999002990975,0.0,healthy
2026-10-02T13:38:51,shippingservice,9.09765625,0.0022927580893682678,0.0,healthy
2026-10-02T13:38:51,recommendationservice,33.3671875,0.017792426594980586,1.0,healthy
2026-10-02T13:38:51,adservice,96.84765625,0.004889800028772794,0.0,healthy
2026-10-02T13:38:51,frontend,15.83203125,0.033580895153590785,0.0,healthy
2026-10-02T13:38:51,emailservice,37.1875,0.008531399656636846,0.0,healthy
2026-10-02T13:38:51,paymentservice,35.41796875,0.0012569202084428963,0.0,healthy
2026-10-02T13:38:51,currencyservice,36.7578125,0.02013951704620588,0.0,healthy
2026-10-02T13:38:51,productcatalogservice,9.23828125,0.013889624017898767,0.0,healthy
2026-10-02T13:38:51,cartservice,63.15625,0.010628560161247877,0.0,healthy
2026-10-02T13:38:56,loadgenerator,50.3125,0.007681937624004353,0.0,healthy
2026-10-02T13:38:56,redis-cart,6.6328125,0.0037058093090582118,0.0,healthy
2026-10-02T13:38:56,checkoutservice,10.22265625,0.0017952137282596617,0.0,healthy
2026-10-02T13:38:56,shippingservice,9.09765625,0.0022927580893682678,0.0,healthy
2026-10-02T13:38:56,recommendationservice,33.3671875,0.017792426594980586,1.0,healthy
2026-10-02T13:38:56,adservice,96.84765625,0.004889800028772794,0.0,healthy
2026-10-02T13:38:56,frontend,15.83203125,0.0362608140689259,0.0,healthy
2026-10-02T13:38:56,emailservice,37.1875,0.008531399656636846,0.0,healthy
2026-10-02T13:38:56,paymentservice,35.41796875,0.0012569202084428965,0.0,healthy
2026-10-02T13:38:56,currencyservice,36.7578125,0.016549144644793522,0.0,healthy
2026-10-02T13:38:56,productcatalogservice,9.23828125,0.012367608853752099,0.0,healthy
2026-10-02T13:38:56,cartservice,63.15625,0.010628560161247877,0.0,healthy
2026-10-02T13:39:01,loadgenerator,50.3125,0.0071808360259185714,0.0,healthy
2026-10-02T13:39:01,redis-cart,6.13671875,0.004595688525853425,0.0,healthy
2026-10-02T13:39:01,checkoutservice,9.0078125,0.002617075525410305,0.0,healthy
2026-10-02T13:39:01,shippingservice,9.09765625,0.0025888082667495167,0.0,healthy
2026-10-02T13:39:01,recommendationservice,33.09765625,0.017374371670793046,1.0,healthy
2026-10-02T13:39:01,adservice,96.58984375,0.004676096669374402,0.0,healthy
2026-10-02T13:39:01,frontend,15.83203125,0.031024148170471853,0.0,healthy
2026-10-02T13:39:01,emailservice,37.15625,0.00798237330815236,0.0,healthy
2026-10-02T13:39:01,paymentservice,34.828125,0.0012061964836689667,0.0,healthy
2026-10-02T13:39:01,currencyservice,36.86328125,0.01831255829041799,0.0,healthy
2026-10-02T13:39:01,productcatalogservice,8.99609375,0.01702165710671534,0.0,healthy
2026-10-02T13:39:01,cartservice,63.15625,0.01129599901966792,0.0,healthy
